,parent note,child note,count
0,Aldehydes,Aldehydes,1872
1,Aldehydes,Adoxal,7
2,Aldehydes,Dodecanal,6
3,Aldehydes,Iris aldehyde,5
4,Aldehydes,Anisaldehyde,3
5,Aldehydes,Floral aldehydes,3
6,Aldehydes,Fruity aldehydes,3
7,Aldehydes,Peach aldehyde,3
8,Aldehydes,Strawberry aldehyde,3
9,Aldehydes,Octanal,2
10,Aldehydes,Cardamom aldehyde,1
11,Aldehydes,Cinnamaldehyde,1
12,Aldehydes,Coconut aldehyde,1
13,Aldehydes,Cyclamen aldehyde,1
14,Aldehydes,Lavender aldehyde,1
15,Aldehydes,Phenylacetaldehyde,1
16,Aldehydes,Profarnesal,1
17,Aldehydes,Scentenal,1
18,Amber ,Amber,25219
19,Amber ,White amber,799
20,Amber ,Amberwood,685
21,Amber ,Black amber,272
22,Amber ,Fossilised amber,130
23,Amber ,Crystal amber,119
24,Amber ,Amber Xtreme™,40
25,Amber ,Red amber,38
26,Amber ,Egyptian amber,37
27,Amber ,Lorenox™,36
28,Amber ,Cetalox®,31
29,Amber ,Indian amber,27
30,Amber ,Ambermax®,22
31,Amber ,Tunisian amber,22
32,Amber ,Vegetal amber,20
33,Amber ,Mineral amber,19
34,Amber ,Ambrocenide®,18
35,Amber ,Ambertonic®,17
36,Amber ,Himalayan amber,15
37,Amber ,Norlimbanol™,14
38,Amber ,Cedramber,13
39,Amber ,Ambramone™,12
40,Amber ,Green amber,12
41,Amber ,Baltic amber,11
42,Amber ,Karanal,9
43,Amber ,Limbanol®,8
44,Amber ,Amberketal,6
45,Amber ,Persian amber,6
46,Amber ,Amber absolute,5
47,Amber ,Timberol®,5
48,Amber ,Ambranum,4
49,Amber ,Moroccan amber,4
50,Amber ,Oriental amber,4
51,Amber ,Sclarene,4
52,Amber ,Tibetan amber,4
53,Amber ,Ambre 84 accord,3
54,Amber ,Peruan amber,3
55,Amber ,Amber Core,2
56,Amber ,Ambre 83 accord,2
57,Amber ,Arabian amber,2
58,Amber ,Dynamone,2
59,Amber ,Nepalese amber,2
60,Amber ,White amber absolute,2
61,Amber ,Aldambre™,1
62,Amber ,Amberlyn®,1
63,Amber ,Australian amber,1
64,Amber ,Blue amber,1
65,Amber ,Brazilian amber,1
66,Amber ,Cuban amber,1
67,Amber ,Egyptian white amber,1
68,Amber ,Fossilized himalayan amber,1
69,Amber ,Greek amber,1
70,Amber ,Japanese amber,1
71,Amber ,Limbwood,1
72,Amber ,Okoumal®,1
73,Amber ,Swedish fossilised amber,1
74,Amber ,Trisamber®,1
75,Amber ,Turkish amber,1
76,Amber ,Ysamber K®,1
77,Animalic notes ,Leather,6401
78,Animalic notes ,Ambergris,5321
79,Animalic notes ,Civet,1058
80,Animalic notes ,Castoreum,760
81,Animalic notes ,Ambroxan,759
82,Animalic notes ,Animalic notes,357
83,Animalic notes ,Ambrox,322
84,Animalic notes ,Hyraceum,158
85,Animalic notes ,Deer musk,131
86,Animalic notes ,Sensual skin accord,107
87,Animalic notes ,Fur,72
88,Animalic notes ,Blood,69
89,Animalic notes ,Orcanox,68
90,Animalic notes ,Ambreine,37
91,Animalic notes ,Costus root,31
92,Animalic notes ,Muskrat,17
93,Animalic notes ,Sweat,16
94,Animalic notes ,Ambrarome,13
95,Animalic notes ,Goat's hair,9
96,Animalic notes ,Skunk accord,8
97,Animalic notes ,Civettone,7
98,Animalic notes ,Horsehair,5
99,Animalic notes ,Muscarome,2
100,Animalic notes ,Tiger Liana,2
101,Animalic notes ,Chevrone,1
102,Animalic notes ,Dung,1
103,Animalic notes ,Musk Z4,1
104,Animalic notes ,Sperm notes,1
105,Aquatic notes ,Marine notes,1945
106,Aquatic notes ,Aquatic notes,1708
107,Aquatic notes ,Ozone,666
108,Aquatic notes ,Ozonic notes,392
109,Aquatic notes ,Rain accord,271
110,Aquatic notes ,Snow,141
111,Aquatic notes ,Ice accord,137
112,Aquatic notes ,Dew drop,135
113,Aquatic notes ,Calone,113
114,Aquatic notes ,Petrichor,98
115,Aquatic notes ,Mist note,68
116,Aquatic notes ,Cascalone®,33
117,Aquatic notes ,Rain water,18
118,Aquatic notes ,Rain forest accord,13
119,Aquatic notes ,Aquatic plants,12
120,Aquatic notes ,Floralozone,12
121,Aquatic notes ,Calypsone®,10
122,Aquatic notes ,Geosmin,10
123,Aquatic notes ,Aquaflor,2
124,Aquatic notes ,Transluzone,2
125,Aquatic notes ,Azuron,1
126,Aquatic notes ,Liquazone,1
127,Aquatic notes ,Profarnesal,1
128,Aquatic notes ,Scentenal,1
129,Aquatic notes ,Sepiolite,1
130,Balsamic notes ,Cistus,1064
131,Balsamic notes ,Peru balsam,714
132,Balsamic notes ,Tolu balm,625
133,Balsamic notes ,Amyris,571
134,Balsamic notes ,Balsam,409
135,Balsamic notes ,Balsamic notes,379
136,Balsamic notes ,Fir balsam,375
137,Balsamic notes ,Gurjum balsam,287
138,Balsamic notes ,Copaiba balsam,198
139,Balsamic notes ,Choya Loban,47
140,Balsamic notes ,Balsam tree,11
141,Balsamic notes ,Balm of Gilead,9
142,Balsamic notes ,Fragonia™,9
143,Balsamic notes ,Spruce balsam,8
144,Balsamic notes ,Pine balsam,7
145,Balsamic notes ,Balsam poplar,2
146,Balsamic notes ,Benzyl salicylate,2
147,Balsamic notes ,Tonkiphora balsam,2
148,Balsamic notes ,Balsa tree,1
149,Balsamic notes ,Canary balm,1
150,Balsamic notes ,Canthoxal,1
151,Balsamic notes ,Myroswelia balsam,1
152,Balsamic notes ,Pino Acetaldehyde,1
153,Citric notes ,Bergamot,25827
154,Citric notes ,Lemon,12174
155,Citric notes ,Mandarin orange,11853
156,Citric notes ,Orange,7084
157,Citric notes ,Neroli,5011
158,Citric notes ,Citrus notes,4084
159,Citric notes ,Lime,3213
160,Citric notes ,Petitgrain,2106
161,Citric notes ,Tangerine,1509
162,Citric notes ,Citrus fruits,1434
163,Citric notes ,Bitter orange,1331
164,Citric notes ,Blood orange,1114
165,Citric notes ,Yuzu,946
166,Citric notes ,Vervain,785
167,Citric notes ,Lemon grass,575
168,Citric notes ,Citron,542
169,Citric notes ,Clementine,503
170,Citric notes ,Lemon vervain,291
171,Citric notes ,Kumquat,275
172,Citric notes ,Honey pomelo,271
173,Citric notes ,Litsea cubeba,250
174,Citric notes ,Key lime,135
175,Citric notes ,Bitter orange blossom,95
176,Citric notes ,Kaffir lime,91
177,Citric notes ,Lemon balm,76
178,Citric notes ,Lemon myrtle,50
179,Citric notes ,Sweet lime,46
180,Citric notes ,Satsuma,39
181,Citric notes ,Minneola tangelo,34
182,Citric notes ,Finger lime,32
183,Citric notes ,Calamondin,25
184,Citric notes ,Monarda,18
185,Citric notes ,Dihydromyrcenol,14
186,Citric notes ,Sudachi,13
187,Citric notes ,Orange jessamine,12
188,Citric notes ,Chinotto,10
189,Citric notes ,Fragonia™,9
190,Citric notes ,Lemon basil,9
191,Citric notes ,Lemon eucalyptus,9
192,Citric notes ,Lemon thyme,9
193,Citric notes ,Citrus plants,8
194,Citric notes ,Sumach,8
195,Citric notes ,Sweetie,7
196,Citric notes ,Citronellol,5
197,Citric notes ,Methyl Pamplemousse,5
198,Citric notes ,Wild bergamot,4
199,Citric notes ,Citrus macroptera,3
200,Citric notes ,Crimson beebalm,3
201,Citric notes ,Maclura fruit,3
202,Citric notes ,Valencene,3
203,Citric notes ,Citral,2
204,Citric notes ,Daidai,2
205,Citric notes ,Jaffa orange,2
206,Citric notes ,Valencene,2
207,Citric notes ,Chironja,1
208,Citric notes ,Citrus macroptera,1
209,Citric notes ,Citrus sorbet,1
210,Citric notes ,Dekopon zest,1
211,Citric notes ,Kharismal®,1
212,Citric notes ,Lemon pepper,1
213,Citric notes ,Limequat,1
214,Citric notes ,Limettol,1
215,Citric notes ,Mapo,1
216,Citric notes ,Nootkatone,1
217,Citric notes ,Orange,1
218,Citric notes ,Orange terpenes,1
219,Citric notes ,Shiikuwasha,1
220,Earthy notes ,Patchouli,23796
221,Earthy notes ,Soil,722
222,Earthy notes ,Earthy notes,219
223,Earthy notes ,Petrichor,98
224,Earthy notes ,Mitti attar,89
225,Earthy notes ,Dust,65
226,Earthy notes ,Loam,60
227,Earthy notes ,Forest soil,36
228,Earthy notes ,Peat,33
229,Earthy notes ,Marijuana,23
230,Earthy notes ,Mud,16
231,Earthy notes ,Geosmin,10
232,Earthy notes ,Humus,7
233,Earthy notes ,Gandhi root,4
234,Earthy notes ,Majmua,4
235,Earthy notes ,Burnt soil,3
236,Earthy notes ,Terracotta,3
237,Earthy notes ,Mulch,1
238,Floral notes ,Jasmine,25275
239,Floral notes ,Rose,21198
240,Floral notes ,Lavender,9679
241,Floral notes ,Lily of the valley,8464
242,Floral notes ,Orange blossom,8342
243,Floral notes ,Iris,7810
244,Floral notes ,Violet,7596
245,Floral notes ,Ylang-ylang,7237
246,Floral notes ,Geranium,6282
247,Floral notes ,Neroli,5011
248,Floral notes ,Freesia,4735
249,Floral notes ,Tuberose,4151
250,Floral notes ,Floral notes,4136
251,Floral notes ,Peony,3676
252,Floral notes ,Magnolia,3320
253,Floral notes ,Gardenia,3249
254,Floral notes ,Heliotrope,3042
255,Floral notes ,Lily,2512
256,Floral notes ,Orchid,2057
257,Floral notes ,Osmanthus,1733
258,Floral notes ,Lotus,1571
259,Floral notes ,Mimosa,1541
260,Floral notes ,Honeysuckle,1520
261,Floral notes ,Cyclamen,1463
262,Floral notes ,Lilac,1381
263,Floral notes ,Hyacinth,1321
264,Floral notes ,Damask rose,1220
265,Floral notes ,Frangipani,1146
266,Floral notes ,Turkish rose,1001
267,Floral notes ,Narcissus,980
268,Floral notes ,Blossoms,868
269,Floral notes ,Chamomile,843
270,Floral notes ,Cashmeran,824
271,Floral notes ,May rose,744
272,Floral notes ,Tiaré,723
273,Floral notes ,Tagetes,596
274,Floral notes ,Water lily,575
275,Floral notes ,Cherry blossom,491
276,Floral notes ,Provençal lavender,491
277,Floral notes ,Champaca flower,450
278,Floral notes ,Hawthorn,396
279,Floral notes ,Immortelle,385
280,Floral notes ,Linden blossom,375
281,Floral notes ,Vanilla orchid,339
282,Floral notes ,Rosa centifolia,329
283,Floral notes ,Night-blooming jasmine,312
284,Floral notes ,Hedione,310
285,Floral notes ,Taif rose,299
286,Floral notes ,Florentine iris,294
287,Floral notes ,Palmarosa,269
288,Floral notes ,Spikenard,262
289,Floral notes ,Sweet pea,257
290,Floral notes ,Wild rose,249
291,Floral notes ,Passion flower,247
292,Floral notes ,Wisteria,246
293,Floral notes ,Tea rose,212
294,Floral notes ,Nag Champa,202
295,Floral notes ,Pot marigold,192
296,Floral notes ,Broom,189
297,Floral notes ,Wild flowers,167
298,Floral notes ,Everlasting flower,162
299,Floral notes ,Camellia,158
300,Floral notes ,White gingerlily,150
301,Floral notes ,Star jasmine,131
302,Floral notes ,Sunflower,128
303,Floral notes ,Tulip,123
304,Floral notes ,Poppy,113
305,Floral notes ,Costus,111
306,Floral notes ,Aquatic flowers,109
307,Floral notes ,Boronia,101
308,Floral notes ,Bitter orange blossom,95
309,Floral notes ,Mock-orange,92
310,Floral notes ,Kahili ginger,91
311,Floral notes ,Hyssop,90
312,Floral notes ,Monoï,90
313,Floral notes ,Pelargonium,88
314,Floral notes ,Reseda,79
315,Floral notes ,Chrysanthemum,73
316,Floral notes ,Daisy,73
317,Floral notes ,Henna,73
318,Floral notes ,Parma violet,68
319,Floral notes ,Jonquil,65
320,Floral notes ,Mexican orange,64
321,Floral notes ,Bluebell,61
322,Floral notes ,Liatris spicata,61
323,Floral notes ,Stephanotis,58
324,Floral notes ,Aglaia,57
325,Floral notes ,Rhododendron,57
326,Floral notes ,Bellflower,56
327,Floral notes ,Periwinkle,54
328,Floral notes ,Hydrangea,53
329,Floral notes ,Dandelion,49
330,Floral notes ,Stargazer lily,47
331,Floral notes ,Dog rose,46
332,Floral notes ,Karo Karounde,46
333,Floral notes ,Amaryllis,45
334,Floral notes ,Oleander,43
335,Floral notes ,Snowdrop,42
336,Floral notes ,Eglantine rose,40
337,Floral notes ,Paradisone®,40
338,Floral notes ,Forget-me-not,38
339,Floral notes ,African violet,37
340,Floral notes ,Valerian,36
341,Floral notes ,Indole,35
342,Floral notes ,Nectar,35
343,Floral notes ,Sweet violet,35
344,Floral notes ,Heliotropin,32
345,Floral notes ,Dahlia,31
346,Floral notes ,Edelweiss,29
347,Floral notes ,Musk rose,29
348,Floral notes ,Belle de nuit flower,28
349,Floral notes ,Petalia®,27
350,Floral notes ,Pollen,27
351,Floral notes ,Crocus,26
352,Floral notes ,Mallow,25
353,Floral notes ,Meadow flowers,25
354,Floral notes ,Primrose,25
355,Floral notes ,Angel's trumpet,24
356,Floral notes ,Night-blooming cereus,24
357,Floral notes ,Night-blooming flowers,24
358,Floral notes ,Pomarose®,24
359,Floral notes ,Spring flowers,24
360,Floral notes ,Pansy,23
361,Floral notes ,Black locust,21
362,Floral notes ,Cornflower,21
363,Floral notes ,West Indian lantana,21
364,Floral notes ,Aegean wallflower,20
365,Floral notes ,Bushman's candle,20
366,Floral notes ,Hooded violet,20
367,Floral notes ,Paperwhite,20
368,Floral notes ,Desert rose,19
369,Floral notes ,Sea daffodil,19
370,Floral notes ,Corn rose,18
371,Floral notes ,Delphinium,18
372,Floral notes ,Ionone,18
373,Floral notes ,Pineappleweed,18
374,Floral notes ,Baby's breath,17
375,Floral notes ,Daphne,17
376,Floral notes ,Elder,17
377,Floral notes ,Bougainvillea,16
378,Floral notes ,Bulgarian geranium,16
379,Floral notes ,Easter lily,16
380,Floral notes ,Opium poppy,16
381,Floral notes ,Jasminum fruticans,15
382,Floral notes ,Mullein,15
383,Floral notes ,Daphne odora,14
384,Floral notes ,Phlox,14
385,Floral notes ,Fuchsia,13
386,Floral notes ,Kewda attar,13
387,Floral notes ,Beach flowers,12
388,Floral notes ,Damascenone,12
389,Floral notes ,Damascone,12
390,Floral notes ,Gillyflower,12
391,Floral notes ,Orange jessamine,12
392,Floral notes ,Rangoon creeper,12
393,Floral notes ,Santolina,12
394,Floral notes ,Strelitzia,12
395,Floral notes ,Butterfly bush,11
396,Floral notes ,Lesser calamint,11
397,Floral notes ,Mayflower,11
398,Floral notes ,Meadowsweet,11
399,Floral notes ,Privet,11
400,Floral notes ,Sea lily,11
401,Floral notes ,Furze,10
402,Floral notes ,Rosyfolia®,10
403,Floral notes ,Woodruff,10
404,Floral notes ,Calycanthus,9
405,Floral notes ,Garden rose,9
406,Floral notes ,Goldenrod,9
407,Floral notes ,Hawaiian jasmine,9
408,Floral notes ,Hedychium,9
409,Floral notes ,Thistle,9
410,Floral notes ,Ward rose,9
411,Floral notes ,Alpine hedge rose,8
412,Floral notes ,Bluebonnet,8
413,Floral notes ,Buttercup,8
414,Floral notes ,Calochortus,8
415,Floral notes ,Clematis,8
416,Floral notes ,Forest flowers,8
417,Floral notes ,Linalool,8
418,Floral notes ,Petunia,8
419,Floral notes ,Summer flowers,8
420,Floral notes ,Bouvardia,7
421,Floral notes ,Buds,7
422,Floral notes ,Desert flowers,7
423,Floral notes ,Elfwort,7
424,Floral notes ,Milkweed,7
425,Floral notes ,Ox-eye daisy,7
426,Floral notes ,Rock rose,7
427,Floral notes ,Bakul attar,6
428,Floral notes ,Fireweed,6
429,Floral notes ,Gerbera,6
430,Floral notes ,Karmaflor®,6
431,Floral notes ,Maile,6
432,Floral notes ,Russian sage,6
433,Floral notes ,Sweet alyssum,6
434,Floral notes ,Water violet,6
435,Floral notes ,Wintersweet,6
436,Floral notes ,Anemone,5
437,Floral notes ,Conobea scoparioides,5
438,Floral notes ,Crinum lily,5
439,Floral notes ,Digitalis,5
440,Floral notes ,Everlasting flower,5
441,Floral notes ,Filipendula,5
442,Floral notes ,Gladiolus,5
443,Floral notes ,Ipomoea,5
444,Floral notes ,Jasmine rose,5
445,Floral notes ,Oenothera,5
446,Floral notes ,Rosella,5
447,Floral notes ,Sea lavender,5
448,Floral notes ,Star-of-Bethlehem,5
449,Floral notes ,White fawnlily,5
450,Floral notes ,Alyssum,4
451,Floral notes ,Begonia,4
452,Floral notes ,Bleeding-heart flower,4
453,Floral notes ,Cosmos,4
454,Floral notes ,Empress Tree,4
455,Floral notes ,Forsythia,4
456,Floral notes ,Fringeflower,4
457,Floral notes ,Gandhi root,4
458,Floral notes ,Irone,4
459,Floral notes ,Kencur,4
460,Floral notes ,Lilyflore®,4
461,Floral notes ,Monkshood,4
462,Floral notes ,Phenyl ethyl acetate,4
463,Floral notes ,Phenylethyl alcohol,4
464,Floral notes ,Philodendron,4
465,Floral notes ,Water iris,4
466,Floral notes ,African everlasting flower,3
467,Floral notes ,Asphodelus,3
468,Floral notes ,Benzyl acetate,3
469,Floral notes ,Cestrum,3
470,Floral notes ,Chocolate flower,3
471,Floral notes ,Cowslip,3
472,Floral notes ,Daffodil,3
473,Floral notes ,Early dog-violet,3
474,Floral notes ,Floral aldehydes,3
475,Floral notes ,Hoya,3
476,Floral notes ,Iralia®,3
477,Floral notes ,Italian honeysuckle,3
478,Floral notes ,Jasminum nitidum,3
479,Floral notes ,Mountain flowers,3
480,Floral notes ,Parrot tulip,3
481,Floral notes ,Polygonum,3
482,Floral notes ,Princess lily,3
483,Floral notes ,Protea,3
484,Floral notes ,Rondeletia,3
485,Floral notes ,Senecio,3
486,Floral notes ,Snakeroot,3
487,Floral notes ,Willowherb,3
488,Floral notes ,Zinnia,3
489,Floral notes ,Acanthus,2
490,Floral notes ,Agapanthus,2
491,Floral notes ,Benzyl salicylate,2
492,Floral notes ,Blue bonnet,2
493,Floral notes ,Broad-leaved pentanisia,2
494,Floral notes ,Bromelia,2
495,Floral notes ,Bush lily,2
496,Floral notes ,Buttercup,2
497,Floral notes ,Canna,2
498,Floral notes ,Centaury,2
499,Floral notes ,Common hollyhock,2
500,Floral notes ,Coranol,2
501,Floral notes ,Cordyline,2
502,Floral notes ,Cotton lavender,2
503,Floral notes ,Cyclosal,2
504,Floral notes ,Dune flower,2
505,Floral notes ,Featherfoil,2
506,Floral notes ,Florymoss®,2
507,Floral notes ,Flowering rush,2
508,Floral notes ,Givescone®,2
509,Floral notes ,Hamanasu,2
510,Floral notes ,Hawaiian wedding flower,2
511,Floral notes ,Heliconia,2
512,Floral notes ,Impatiens glandulifera,2
513,Floral notes ,Lobularia,2
514,Floral notes ,Logonza,2
515,Floral notes ,Lycoris,2
516,Floral notes ,Maianthemum bifolium,2
517,Floral notes ,Matthiola bicornis,2
518,Floral notes ,Mimulus,2
519,Floral notes ,Moringa,2
520,Floral notes ,Moss-rose,2
521,Floral notes ,Night-flowering jasmine,2
522,Floral notes ,Oxypetalum coeruleum,2
523,Floral notes ,Parkinsonia,2
524,Floral notes ,Pasqueflower,2
525,Floral notes ,Rhodinol,2
526,Floral notes ,Sand flower,2
527,Floral notes ,Shrubby everlasting flower,2
528,Floral notes ,Skunk cabbage,2
529,Floral notes ,Snapdragon,2
530,Floral notes ,Solomon's seal,2
531,Floral notes ,Spanish bluebell,2
532,Floral notes ,Trillium,2
533,Floral notes ,Trumpet vine,2
534,Floral notes ,Undecavertol,2
535,Floral notes ,Varthemia,2
536,Floral notes ,Viola hederacea,2
537,Floral notes ,Viola purpurea,2
538,Floral notes ,Viper's bugloss,2
539,Floral notes ,African butterfly bush,1
540,Floral notes ,African gardenia,1
541,Floral notes ,Agrimony,1
542,Floral notes ,Angico-Branco,1
543,Floral notes ,Aniseed ysop,1
544,Floral notes ,Aranda,1
545,Floral notes ,Asiatic jasmine,1
546,Floral notes ,Balloon flower,1
547,Floral notes ,Banksia,1
548,Floral notes ,Bauhinia,1
549,Floral notes ,Bearbind,1
550,Floral notes ,Bidens,1
551,Floral notes ,Bizzy lizzie,1
552,Floral notes ,Black cohosh,1
553,Floral notes ,Black petunia,1
554,Floral notes ,Black-eyed-Susan,1
555,Floral notes ,Bloodroot,1
556,Floral notes ,Blue anemone,1
557,Floral notes ,Borrachero,1
558,Floral notes ,Bourbon pelargonium,1
559,Floral notes ,Brown boronia,1
560,Floral notes ,Bush rose,1
561,Floral notes ,Canthoxal,1
562,Floral notes ,Cardinal larkspur,1
563,Floral notes ,Carolina rose,1
564,Floral notes ,Cave lily,1
565,Floral notes ,CB Violet Empress,1
566,Floral notes ,Chess flower,1
567,Floral notes ,Chinese lantern,1
568,Floral notes ,Chinese rain bell,1
569,Floral notes ,Cliff-rose,1
570,Floral notes ,Coccoloba,1
571,Floral notes ,Common dog-violet,1
572,Floral notes ,Common hollyhock,1
573,Floral notes ,Common Saint John's wort,1
574,Floral notes ,Cordia,1
575,Floral notes ,Creeping thistle,1
576,Floral notes ,Dianthine®,1
577,Floral notes ,Dominican hoya,1
578,Floral notes ,Dune violet,1
579,Floral notes ,Duranta,1
580,Floral notes ,Epimedium,1
581,Floral notes ,Euphorbia hypericifolia,1
582,Floral notes ,Fen violet,1
583,Floral notes ,Field scabious,1
584,Floral notes ,Flamingo flower,1
585,Floral notes ,Funkia,1
586,Floral notes ,Geranyl acetate,1
587,Floral notes ,Germander,1
588,Floral notes ,Globeflower,1
589,Floral notes ,Gloriosa lily,1
590,Floral notes ,Golden trumpet,1
591,Floral notes ,Himalayan whorlflower,1
592,Floral notes ,Indian shot,1
593,Floral notes ,Indian trumpet flower,1
594,Floral notes ,Ivy-leaved toadflax,1
595,Floral notes ,Japanese bindweed,1
596,Floral notes ,Japanese water-crowfoot,1
597,Floral notes ,Judas tree,1
598,Floral notes ,Kadam attar,1
599,Floral notes ,Kharismal®,1
600,Floral notes ,Kit-kit-dizzie fern,1
601,Floral notes ,Konjac,1
602,Floral notes ,Ladie's smock,1
603,Floral notes ,Lamiaceae,1
604,Floral notes ,Lemon lace,1
605,Floral notes ,Lenten rose,1
606,Floral notes ,Lisianthus,1
607,Floral notes ,Love-lies-bleeding,1
608,Floral notes ,Madagascan pluchea,1
609,Floral notes ,Malacothrix glabrata,1
610,Floral notes ,Mandevilla,1
611,Floral notes ,Marsh violet,1
612,Floral notes ,Meadow geranium,1
613,Floral notes ,Mesua ferrea absolute,1
614,Floral notes ,Mexican tulip poppy,1
615,Floral notes ,Mountain laurel,1
616,Floral notes ,New Zealand begonia,1
617,Floral notes ,Nottingham Catchfly,1
618,Floral notes ,Ohio goldenrod,1
619,Floral notes ,Orchid nigritella rubra,1
620,Floral notes ,Ornithogalum,1
621,Floral notes ,Osyrol,1
622,Floral notes ,Ozothamnus,1
623,Floral notes ,Pajama lily,1
624,Floral notes ,Pakalana vine,1
625,Floral notes ,Pakalana vine,1
626,Floral notes ,Paphiopedilum rothschildianum,1
627,Floral notes ,Papilionanthe Miss Joaquim,1
628,Floral notes ,Peniocereus,1
629,Floral notes ,Pineapple lily,1
630,Floral notes ,Pink hawthorn,1
631,Floral notes ,Piperonal,1
632,Floral notes ,Prairie rose,1
633,Floral notes ,Profarnesal,1
634,Floral notes ,Ragwort,1
635,Floral notes ,Ravenala,1
636,Floral notes ,Red heliconia,1
637,Floral notes ,Red nigritella,1
638,Floral notes ,Rock rose absolute,1
639,Floral notes ,Rose tree,1
640,Floral notes ,Rue-anemone,1
641,Floral notes ,Senna,1
642,Floral notes ,Senna alata,1
643,Floral notes ,Shrub rose,1
644,Floral notes ,Snow bell,1
645,Floral notes ,Spider plant,1
646,Floral notes ,Sugar flower,1
647,Floral notes ,Swamp flowers,1
648,Floral notes ,Sweet sultan,1
649,Floral notes ,Tembusu,1
650,Floral notes ,Thread-leaf coreopsis,1
651,Floral notes ,Tiarella,1
652,Floral notes ,Twinflower,1
653,Floral notes ,Vanda,1
654,Floral notes ,Viburnum carlesii,1
655,Floral notes ,Viola biflora,1
656,Floral notes ,Wanglo,1
657,Floral notes ,Waratah,1
658,Floral notes ,Water rose,1
659,Floral notes ,Watsonia,1
660,Floral notes ,Witch hazel,1
661,Floral notes ,Woodruff,1
662,Floral notes ,Wrightia,1
663,Floral notes ,Zantedeschia,1
664,Fragrance ingredients ,Aldehydes,1872
665,Fragrance ingredients ,Cashmere wood,1410
666,Fragrance ingredients ,Cashmeran,824
667,Fragrance ingredients ,Ambroxan,759
668,Fragrance ingredients ,Cashmere,532
669,Fragrance ingredients ,Coumarin,495
670,Fragrance ingredients ,Ambrox,322
671,Fragrance ingredients ,Hedione,310
672,Fragrance ingredients ,ISO-E-Super,238
673,Fragrance ingredients ,Calone,113
674,Fragrance ingredients ,Menthol,90
675,Fragrance ingredients ,Orcanox,68
676,Fragrance ingredients ,Clearwood™,60
677,Fragrance ingredients ,Ambrettolide,52
678,Fragrance ingredients ,Salicylate,49
679,Fragrance ingredients ,Vanillin,45
680,Fragrance ingredients ,Lactone,43
681,Fragrance ingredients ,Rose oxide,42
682,Fragrance ingredients ,Muscenone®,41
683,Fragrance ingredients ,Amber Xtreme™,40
684,Fragrance ingredients ,Paradisone®,40
685,Fragrance ingredients ,Ambreine,37
686,Fragrance ingredients ,Lorenox™,36
687,Fragrance ingredients ,Indole,35
688,Fragrance ingredients ,Cascalone®,33
689,Fragrance ingredients ,Heliotropin,32
690,Fragrance ingredients ,Cetalox®,31
691,Fragrance ingredients ,Evernyl,29
692,Fragrance ingredients ,Timbersilk™,29
693,Fragrance ingredients ,Ambrofix,28
694,Fragrance ingredients ,Petalia®,27
695,Fragrance ingredients ,Muscone,25
696,Fragrance ingredients ,Pomarose®,24
697,Fragrance ingredients ,Ambermax®,22
698,Fragrance ingredients ,Georgywood®,22
699,Fragrance ingredients ,Javanol,22
700,Fragrance ingredients ,Sylkolide™,21
701,Fragrance ingredients ,Helvetolide®,20
702,Fragrance ingredients ,Kephalis,20
703,Fragrance ingredients ,Ambrocenide®,18
704,Fragrance ingredients ,Ionone,18
705,Fragrance ingredients ,Mahonial®,18
706,Fragrance ingredients ,Ambertonic®,17
707,Fragrance ingredients ,Cosmone,17
708,Fragrance ingredients ,Safraleine,17
709,Fragrance ingredients ,Mousse de Saxe,16
710,Fragrance ingredients ,Dihydromyrcenol,14
711,Fragrance ingredients ,Norlimbanol™,14
712,Fragrance ingredients ,Serenolide,14
713,Fragrance ingredients ,Ambrarome,13
714,Fragrance ingredients ,Cedramber,13
715,Fragrance ingredients ,Galaxolid,13
716,Fragrance ingredients ,Mugane™,13
717,Fragrance ingredients ,Ambramone™,12
718,Fragrance ingredients ,Borneol,12
719,Fragrance ingredients ,Damascenone,12
720,Fragrance ingredients ,Damascone,12
721,Fragrance ingredients ,Floralozone,12
722,Fragrance ingredients ,Rose Essential™,11
723,Fragrance ingredients ,Suederal®,11
724,Fragrance ingredients ,Calypsone®,10
725,Fragrance ingredients ,Creosote,10
726,Fragrance ingredients ,Dewfruit®,10
727,Fragrance ingredients ,Geosmin,10
728,Fragrance ingredients ,Italian bergamot Orpur®,10
729,Fragrance ingredients ,Rosyfolia®,10
730,Fragrance ingredients ,Vetiveryl acetate,10
731,Fragrance ingredients ,Ambrostar,9
732,Fragrance ingredients ,Aqual™,9
733,Fragrance ingredients ,Fragonia™,9
734,Fragrance ingredients ,Karanal,9
735,Fragrance ingredients ,Prunella®,9
736,Fragrance ingredients ,Santamanol,9
737,Fragrance ingredients ,Velvione®,9
738,Fragrance ingredients ,Cocaine,8
739,Fragrance ingredients ,Habanolide®,8
740,Fragrance ingredients ,Haitian vetiver Orpur®,8
741,Fragrance ingredients ,Indonesian patchouli Orpur®,8
742,Fragrance ingredients ,Limbanol®,8
743,Fragrance ingredients ,Linalool,8
744,Fragrance ingredients ,Linalyl acetate,8
745,Fragrance ingredients ,Nirvanolide®,8
746,Fragrance ingredients ,Oud Assafi™,8
747,Fragrance ingredients ,Patchouli Orpur®,8
748,Fragrance ingredients ,Sinfonide®,8
749,Fragrance ingredients ,Stemone®,8
750,Fragrance ingredients ,Adoxal,7
751,Fragrance ingredients ,Beta ionone,7
752,Fragrance ingredients ,Bigarane™,7
753,Fragrance ingredients ,Civettone,7
754,Fragrance ingredients ,Cosmofruit®,7
755,Fragrance ingredients ,Karmawood®,7
756,Fragrance ingredients ,Moxalone®,7
757,Fragrance ingredients ,Operanide®,7
758,Fragrance ingredients ,Prunol,7
759,Fragrance ingredients ,Raspberry ketone,7
760,Fragrance ingredients ,Toscanol®,7
761,Fragrance ingredients ,Vertofix®,7
762,Fragrance ingredients ,Woodleather®,7
763,Fragrance ingredients ,2-Methylundecanal,6
764,Fragrance ingredients ,Amberketal,6
765,Fragrance ingredients ,Amylsalicylate,6
766,Fragrance ingredients ,Cachalox,6
767,Fragrance ingredients ,Dodecanal,6
768,Fragrance ingredients ,Exaltolide®,6
769,Fragrance ingredients ,Geraniol,6
770,Fragrance ingredients ,Italian lemon Orpur®,6
771,Fragrance ingredients ,Italian mandarine Orpur®,6
772,Fragrance ingredients ,Karmaflor®,6
773,Fragrance ingredients ,Musk T®,6
774,Fragrance ingredients ,Pamplewood®,6
775,Fragrance ingredients ,Pharaone®,6
776,Fragrance ingredients ,Pink pepper Orpur®,6
777,Fragrance ingredients ,Tropicalone™,6
778,Fragrance ingredients ,Alpha ionone,5
779,Fragrance ingredients ,Ambrarome absolute,5
780,Fragrance ingredients ,Aquozone,5
781,Fragrance ingredients ,Atlas cedar Orpur®,5
782,Fragrance ingredients ,Bergamot Orpur®,5
783,Fragrance ingredients ,Cardamom Orpur®,5
784,Fragrance ingredients ,Cedarwood Orpur®,5
785,Fragrance ingredients ,Citronellol,5
786,Fragrance ingredients ,Ether,5
787,Fragrance ingredients ,Ethyl maltol,5
788,Fragrance ingredients ,Evee™,5
789,Fragrance ingredients ,Exaltone®,5
790,Fragrance ingredients ,French lavender Orpur®,5
791,Fragrance ingredients ,Globalide®,5
792,Fragrance ingredients ,Goldenwood®,5
793,Fragrance ingredients ,Iris aldehyde,5
794,Fragrance ingredients ,Magnolan®,5
795,Fragrance ingredients ,Mandarin orange Orpur®,5
796,Fragrance ingredients ,Methyl Pamplemousse,5
797,Fragrance ingredients ,Patchoulol,5
798,Fragrance ingredients ,Rhubafuran®,5
799,Fragrance ingredients ,Rose Orpur®,5
800,Fragrance ingredients ,Silvanone®,5
801,Fragrance ingredients ,Timberol®,5
802,Fragrance ingredients ,Violet leaf absolute Orpur®,5
803,Fragrance ingredients ,Vulcanolide,5
804,Fragrance ingredients ,Ambranum,4
805,Fragrance ingredients ,Ambrinol,4
806,Fragrance ingredients ,Arctical™,4
807,Fragrance ingredients ,Cristalfizz®,4
808,Fragrance ingredients ,Egyptian geranium Orpur®,4
809,Fragrance ingredients ,Estragole,4
810,Fragrance ingredients ,Ethyl acetate,4
811,Fragrance ingredients ,Eugenol,4
812,Fragrance ingredients ,Figolide™,4
813,Fragrance ingredients ,Grisalva,4
814,Fragrance ingredients ,Lilyflore®,4
815,Fragrance ingredients ,Phenyl ethyl acetate,4
816,Fragrance ingredients ,Phenylethyl alcohol,4
817,Fragrance ingredients ,Rose absolue Orpur®,4
818,Fragrance ingredients ,Safranal,4
819,Fragrance ingredients ,Somalian frankincense Orpur®,4
820,Fragrance ingredients ,Tabac Bourbon,4
821,Fragrance ingredients ,Ultrazur,4
822,Fragrance ingredients ,Vinylguaiacol,4
823,Fragrance ingredients ,Wolfwood,4
824,Fragrance ingredients ,Woodland®,4
825,Fragrance ingredients ,Androstenol,3
826,Fragrance ingredients ,Anethol,3
827,Fragrance ingredients ,Anisaldehyde,3
828,Fragrance ingredients ,Aquaflora,3
829,Fragrance ingredients ,Benzyl acetate,3
830,Fragrance ingredients ,Carrot seed Orpur®,3
831,Fragrance ingredients ,Coconut lactone,3
832,Fragrance ingredients ,Dihydro beta ionone,3
833,Fragrance ingredients ,Ethyl benzoate,3
834,Fragrance ingredients ,Floral aldehydes,3
835,Fragrance ingredients ,Fruity aldehydes,3
836,Fragrance ingredients ,Gustavia ScentTrek™,3
837,Fragrance ingredients ,Hivernal®,3
838,Fragrance ingredients ,Iralia®,3
839,Fragrance ingredients ,Isobutyl quinoline,3
840,Fragrance ingredients ,Jasmine lactone,3
841,Fragrance ingredients ,Laotian cinnamon Orpur®,3
842,Fragrance ingredients ,Maritima®,3
843,Fragrance ingredients ,Melonal,3
844,Fragrance ingredients ,Melted Woods NaturePrint®,3
845,Fragrance ingredients ,Myrrh Orpur®,3
846,Fragrance ingredients ,Olibanol,3
847,Fragrance ingredients ,Paradisamide®,3
848,Fragrance ingredients ,Peach aldehyde,3
849,Fragrance ingredients ,Starfleur™ 40,3
850,Fragrance ingredients ,Strawberry aldehyde,3
851,Fragrance ingredients ,Tonalid™,3
852,Fragrance ingredients ,Valencene,3
853,Fragrance ingredients ,Viginia cedar Orpur®,3
854,Fragrance ingredients ,Whisky lactone,3
855,Fragrance ingredients ,Z11,3
856,Fragrance ingredients ,Zafryl™,3
857,Fragrance ingredients ,Acetate,2
858,Fragrance ingredients ,Acetone,2
859,Fragrance ingredients ,Amber Core,2
860,Fragrance ingredients ,Ambre 83 accord,2
861,Fragrance ingredients ,Ambreinol,2
862,Fragrance ingredients ,Animalid,2
863,Fragrance ingredients ,Aquaflor,2
864,Fragrance ingredients ,Benzyl salicylate,2
865,Fragrance ingredients ,Betahydrane™,2
866,Fragrance ingredients ,Bigaflower™,2
867,Fragrance ingredients ,Black pepper Orpur®,2
868,Fragrance ingredients ,Boisiris®,2
869,Fragrance ingredients ,Citral,2
870,Fragrance ingredients ,Coranol,2
871,Fragrance ingredients ,Cyclosal,2
872,Fragrance ingredients ,Decanal,2
873,Fragrance ingredients ,Dynamone,2
874,Fragrance ingredients ,Ethyl vanillin,2
875,Fragrance ingredients ,Eucalyptol,2
876,Fragrance ingredients ,Florymoss®,2
877,Fragrance ingredients ,French cypress Orpur®,2
878,Fragrance ingredients ,Galbanol,2
879,Fragrance ingredients ,Givescone®,2
880,Fragrance ingredients ,Heliotropex,2
881,Fragrance ingredients ,Heroin,2
882,Fragrance ingredients ,Indian cardamom Orpur®,2
883,Fragrance ingredients ,Irotyl,2
884,Fragrance ingredients ,Isocyclocitral,2
885,Fragrance ingredients ,Lemon Orpur®,2
886,Fragrance ingredients ,Magnolia Orpur®,2
887,Fragrance ingredients ,Maltarome,2
888,Fragrance ingredients ,Metal Pepper DL®,2
889,Fragrance ingredients ,Mousse de Chypre,2
890,Fragrance ingredients ,Muscarome,2
891,Fragrance ingredients ,Mystikal®,2
892,Fragrance ingredients ,Nana mint Orpur®,2
893,Fragrance ingredients ,Nebulone®,2
894,Fragrance ingredients ,Neroli Orpur®,2
895,Fragrance ingredients ,Nympheal®,2
896,Fragrance ingredients ,Opoline,2
897,Fragrance ingredients ,Oranger Crystals,2
898,Fragrance ingredients ,Orbitone®,2
899,Fragrance ingredients ,Oud Maleki,2
900,Fragrance ingredients ,Pamplezest,2
901,Fragrance ingredients ,Peach lactone,2
902,Fragrance ingredients ,Pescagreen™,2
903,Fragrance ingredients ,Phenylacetic acid,2
904,Fragrance ingredients ,Pyralone,2
905,Fragrance ingredients ,Rhodinol,2
906,Fragrance ingredients ,Rose Ultimate Extract™,2
907,Fragrance ingredients ,Rum ether,2
908,Fragrance ingredients ,Sandalwood Orpur®,2
909,Fragrance ingredients ,Sandanol,2
910,Fragrance ingredients ,Sicilian lemon Orpur®,2
911,Fragrance ingredients ,Skatole,2
912,Fragrance ingredients ,Spanish cistus absolute Orpur®,2
913,Fragrance ingredients ,Spanish cistus Orpur®,2
914,Fragrance ingredients ,Strawberry furanone,2
915,Fragrance ingredients ,Texas cedar Orpur®,2
916,Fragrance ingredients ,Tobacarol,2
917,Fragrance ingredients ,Transluzone,2
918,Fragrance ingredients ,Undecavertol,2
919,Fragrance ingredients ,Valencene,2
920,Fragrance ingredients ,Violet leaf Orpur®,2
921,Fragrance ingredients ,Wacapou ScentTrek™,2
922,Fragrance ingredients ,2-Acetylfuran,1
923,Fragrance ingredients ,2-Ethylfenchol,1
924,Fragrance ingredients ,Acetyver,1
925,Fragrance ingredients ,African orange blossom Orpur®,1
926,Fragrance ingredients ,Aldambre™,1
927,Fragrance ingredients ,Aldemone,1
928,Fragrance ingredients ,Aldron®,1
929,Fragrance ingredients ,Alpha irone,1
930,Fragrance ingredients ,Alpha pinene,1
931,Fragrance ingredients ,Alpha-angelica lactone,1
932,Fragrance ingredients ,Amberlyn®,1
933,Fragrance ingredients ,Antillone™,1
934,Fragrance ingredients ,Azuron,1
935,Fragrance ingredients ,Bacdanol®,1
936,Fragrance ingredients ,Benzene,1
937,Fragrance ingredients ,Bicyclononalactone,1
938,Fragrance ingredients ,Blood Orange Orpur®,1
939,Fragrance ingredients ,Cannabispirol,1
940,Fragrance ingredients ,Canthoxal,1
941,Fragrance ingredients ,Cantoxal,1
942,Fragrance ingredients ,Cardamom aldehyde,1
943,Fragrance ingredients ,Caryophyllene,1
944,Fragrance ingredients ,Cassiane™,1
945,Fragrance ingredients ,CB Violet Empress,1
946,Fragrance ingredients ,CBMusk,1
947,Fragrance ingredients ,Cherry blossom ScentTrek™,1
948,Fragrance ingredients ,Chinese magnolia Orpur®,1
949,Fragrance ingredients ,Christalon,1
950,Fragrance ingredients ,Cilandrane™,1
951,Fragrance ingredients ,Cinnamaldehyde,1
952,Fragrance ingredients ,Cinnamon Essential™,1
953,Fragrance ingredients ,Coconut aldehyde,1
954,Fragrance ingredients ,Comorian ylang-ylang Orpur®,1
955,Fragrance ingredients ,Coniferan,1
956,Fragrance ingredients ,Coolwood,1
957,Fragrance ingredients ,Creosol,1
958,Fragrance ingredients ,Cypress Orpur®,1
959,Fragrance ingredients ,Daphne cneorum ScentTrek®,1
960,Fragrance ingredients ,Dianthine®,1
961,Fragrance ingredients ,Dominican vetiver Orpur®,1
962,Fragrance ingredients ,Ebony ScentTrek™,1
963,Fragrance ingredients ,Edenolide,1
964,Fragrance ingredients ,Edenolide™,1
965,Fragrance ingredients ,Ethyl Laitone,1
966,Fragrance ingredients ,Ethyl linalyl acetate,1
967,Fragrance ingredients ,Ethyl phenyl acetate,1
968,Fragrance ingredients ,Excitol,1
969,Fragrance ingredients ,Firascone™,1
970,Fragrance ingredients ,Firsantol®,1
971,Fragrance ingredients ,Florol®,1
972,Fragrance ingredients ,Florosa®,1
973,Fragrance ingredients ,Galbanum Orpur®,1
974,Fragrance ingredients ,Geranium oxide,1
975,Fragrance ingredients ,Geranyl acetate,1
976,Fragrance ingredients ,Globanone®,1
977,Fragrance ingredients ,Glycolierral®,1
978,Fragrance ingredients ,Herbac,1
979,Fragrance ingredients ,Herbarom®,1
980,Fragrance ingredients ,Hindinol®,1
981,Fragrance ingredients ,Indolene,1
982,Fragrance ingredients ,Indolic salicylates,1
983,Fragrance ingredients ,Indonesian cassumunar ginger Orpur®,1
984,Fragrance ingredients ,Iriseine,1
985,Fragrance ingredients ,Iso mohanol,1
986,Fragrance ingredients ,Isoeugenol,1
987,Fragrance ingredients ,Italian broom absolute Orpur®,1
988,Fragrance ingredients ,Italian broom Orpur®,1
989,Fragrance ingredients ,Jasmine sambac Orpur®,1
990,Fragrance ingredients ,Kharismal®,1
991,Fragrance ingredients ,Kharismal® Super,1
992,Fragrance ingredients ,Labdaceme,1
993,Fragrance ingredients ,Lavender aldehyde,1
994,Fragrance ingredients ,Lavender Orpur®,1
995,Fragrance ingredients ,Lemonile®,1
996,Fragrance ingredients ,Lilac blossom oxide,1
997,Fragrance ingredients ,Limbwood,1
998,Fragrance ingredients ,Limettol,1
999,Fragrance ingredients ,Liquazone,1
1000,Fragrance ingredients ,Maceal,1
1001,Fragrance ingredients ,Mandarin orange zest Orpur®,1
1002,Fragrance ingredients ,Marmite™,1
1003,Fragrance ingredients ,May rose absolute Orpur®,1
1004,Fragrance ingredients ,Melozone,1
1005,Fragrance ingredients ,Menthanyl acetate,1
1006,Fragrance ingredients ,Methamphetamine,1
1007,Fragrance ingredients ,Methyl anthranilate,1
1008,Fragrance ingredients ,Methyl anthranilate,1
1009,Fragrance ingredients ,Methyl ionone,1
1010,Fragrance ingredients ,Meyer lemon ScentTrek®,1
1011,Fragrance ingredients ,Moroccan mimosa Orpur®,1
1012,Fragrance ingredients ,Mulanje cedarwood ScentTrek™,1
1013,Fragrance ingredients ,Musk Z4,1
1014,Fragrance ingredients ,Musk-R1®,1
1015,Fragrance ingredients ,Muskatone,1
1016,Fragrance ingredients ,Myroxyde®,1
1017,Fragrance ingredients ,Narcissus absolute Orpur®,1
1018,Fragrance ingredients ,Nevenolide,1
1019,Fragrance ingredients ,Nitrogen,1
1020,Fragrance ingredients ,Nootkatone,1
1021,Fragrance ingredients ,Noreenal,1
1022,Fragrance ingredients ,North African neroli Orpur®,1
1023,Fragrance ingredients ,North Atlantic,1
1024,Fragrance ingredients ,Nutmeg,1
1025,Fragrance ingredients ,Nutmeg Orpur®,1
1026,Fragrance ingredients ,Okoumal®,1
1027,Fragrance ingredients ,Osyrol,1
1028,Fragrance ingredients ,Oud Firbest,1
1029,Fragrance ingredients ,Oxane®,1
1030,Fragrance ingredients ,Pashminol®,1
1031,Fragrance ingredients ,Pear ester,1
1032,Fragrance ingredients ,Phantom orchid ScentTrek®,1
1033,Fragrance ingredients ,Phenethyl alcohol,1
1034,Fragrance ingredients ,Phenyl oxide,1
1035,Fragrance ingredients ,Phenylacetaldehyde,1
1036,Fragrance ingredients ,Pink molecules,1
1037,Fragrance ingredients ,Pino Acetaldehyde,1
1038,Fragrance ingredients ,Pipol,1
1039,Fragrance ingredients ,Profarnesal,1
1040,Fragrance ingredients ,Queen-of-the-night ScentTrek™,1
1041,Fragrance ingredients ,Quincester®,1
1042,Fragrance ingredients ,Regal Lily ScentTrek™,1
1043,Fragrance ingredients ,Rhubofix®,1
1044,Fragrance ingredients ,Rosafen®,1
1045,Fragrance ingredients ,Rose acetate,1
1046,Fragrance ingredients ,Rose Givco 217,1
1047,Fragrance ingredients ,Roseolate®,1
1048,Fragrance ingredients ,Rosyrane®,1
1049,Fragrance ingredients ,Rotundone,1
1050,Fragrance ingredients ,Sabinene,1
1051,Fragrance ingredients ,Saffiano™,1
1052,Fragrance ingredients ,Scentenal,1
1053,Fragrance ingredients ,Shisolia®,1
1054,Fragrance ingredients ,Sirtalice™,1
1055,Fragrance ingredients ,Spicatanate®,1
1056,Fragrance ingredients ,Sulfurol,1
1057,Fragrance ingredients ,Sultanene®,1
1058,Fragrance ingredients ,SymMarine®,1
1059,Fragrance ingredients ,Tabanone,1
1060,Fragrance ingredients ,Thibetone,1
1061,Fragrance ingredients ,Tonka bean Orpur®,1
1062,Fragrance ingredients ,Tonkalactone,1
1063,Fragrance ingredients ,Tonquitone™,1
1064,Fragrance ingredients ,Trimofix,1
1065,Fragrance ingredients ,Triplal,1
1066,Fragrance ingredients ,Trisamber®,1
1067,Fragrance ingredients ,Tropicalia,1
1068,Fragrance ingredients ,Veloutone®,1
1069,Fragrance ingredients ,Verbetryle™,1
1070,Fragrance ingredients ,Verdox™,1
1071,Fragrance ingredients ,Violettyne®,1
1072,Fragrance ingredients ,Wine ether,1
1073,Fragrance ingredients ,Ylang-ylang Orpur®,1
1074,Fragrance ingredients ,Ysamber K®,1
1075,Fruity notes ,Coconut,2358
1076,Fruity notes ,Fruity notes,1981
1077,Fruity notes ,Osmanthus,1733
1078,Fruity notes ,Almond,1517
1079,Fruity notes ,Rhubarb,884
1080,Fruity notes ,Fruits,638
1081,Fruity notes ,Berries,611
1082,Fruity notes ,Hibiscus,413
1083,Fruity notes ,Pumpkin,356
1084,Fruity notes ,Hazelnut,334
1085,Fruity notes ,Pistachio,123
1086,Fruity notes ,Tamarind,89
1087,Fruity notes ,Olive,81
1088,Fruity notes ,Rose hip,72
1089,Fruity notes ,Walnut,69
1090,Fruity notes ,Raisin,58
1091,Fruity notes ,Nuts,51
1092,Fruity notes ,Grenadine,39
1093,Fruity notes ,Nectar,35
1094,Fruity notes ,Tomato,34
1095,Fruity notes ,Pecan,29
1096,Fruity notes ,Sea buckthorn,26
1097,Fruity notes ,Macadamia,18
1098,Fruity notes ,Shea nut,18
1099,Fruity notes ,Avocado,15
1100,Fruity notes ,Serenolide,14
1101,Fruity notes ,Mandragora,13
1102,Fruity notes ,Dewfruit®,10
1103,Fruity notes ,Fruit punch,10
1104,Fruity notes ,Cashew nut,9
1105,Fruity notes ,Green bell pepper,9
1106,Fruity notes ,Barberry,8
1107,Fruity notes ,Nirvanolide®,8
1108,Fruity notes ,Red bell pepper,8
1109,Fruity notes ,Raspberry ketone,7
1110,Fruity notes ,Pharaone®,6
1111,Fruity notes ,Fruit drop,5
1112,Fruity notes ,Fruit tea,4
1113,Fruity notes ,Phenyl ethyl acetate,4
1114,Fruity notes ,Rambutan,4
1115,Fruity notes ,Fruitcake,3
1116,Fruity notes ,Fruity aldehydes,3
1117,Fruity notes ,Iralia®,3
1118,Fruity notes ,Para nut,3
1119,Fruity notes ,Paradisamide®,3
1120,Fruity notes ,Aquaflor,2
1121,Fruity notes ,Candlenut,2
1122,Fruity notes ,Florymoss®,2
1123,Fruity notes ,Fruit chewing gum,2
1124,Fruity notes ,Fruit gum,2
1125,Fruity notes ,Fruit pomace,2
1126,Fruity notes ,Fruit salad,2
1127,Fruity notes ,Fruit sorbet,2
1128,Fruity notes ,Fruit wine,2
1129,Fruity notes ,Givescone®,2
1130,Fruity notes ,Red fruits sorbet,2
1131,Fruity notes ,Strawberry furanone,2
1132,Fruity notes ,Canthoxal,1
1133,Fruity notes ,Fruit tart,1
1134,Fruity notes ,Geranyl acetate,1
1135,Fruity notes ,Pear ester,1
1136,Fruity notes ,Quincester®,1
1137,Fruity notes ,Tutti-Frutti-Jelly-Beans,1
1138,Fruity notes ,Verdox™,1
1139,Gourmandy notes ,Honey,3005
1140,Gourmandy notes ,Caramel,2407
1141,Gourmandy notes ,Cocoa,1065
1142,Gourmandy notes ,Praliné,1058
1143,Gourmandy notes ,Chocolate,956
1144,Gourmandy notes ,Sugar,819
1145,Gourmandy notes ,Marshmallow,639
1146,Gourmandy notes ,Sweet notes,565
1147,Gourmandy notes ,Cream,544
1148,Gourmandy notes ,Liquorice,465
1149,Gourmandy notes ,Cotton candy,454
1150,Gourmandy notes ,Cake,230
1151,Gourmandy notes ,Toffee,203
1152,Gourmandy notes ,Gourmand notes,182
1153,Gourmandy notes ,Gingerbread,133
1154,Gourmandy notes ,Biscuit,132
1155,Gourmandy notes ,Mushrooms,112
1156,Gourmandy notes ,Candy,85
1157,Gourmandy notes ,Creamy notes,67
1158,Gourmandy notes ,Sweets,66
1159,Gourmandy notes ,Truffle,61
1160,Gourmandy notes ,Maltol,56
1161,Gourmandy notes ,Marzipan,55
1162,Gourmandy notes ,Cupcake,44
1163,Gourmandy notes ,Meringue,39
1164,Gourmandy notes ,Syrup,37
1165,Gourmandy notes ,Dulce de leche,32
1166,Gourmandy notes ,Finger lime,32
1167,Gourmandy notes ,Cream cheese,31
1168,Gourmandy notes ,Lokum,31
1169,Gourmandy notes ,Evaporated milk,29
1170,Gourmandy notes ,Caviar,27
1171,Gourmandy notes ,Macaron,26
1172,Gourmandy notes ,Roasted chestnut,26
1173,Gourmandy notes ,Waffle cone,21
1174,Gourmandy notes ,Jam,18
1175,Gourmandy notes ,Tiramisu,16
1176,Gourmandy notes ,Macaroon,10
1177,Gourmandy notes ,Mascarpone,10
1178,Gourmandy notes ,Buttery note,8
1179,Gourmandy notes ,Artichoke,7
1180,Gourmandy notes ,Cupuaçu,7
1181,Gourmandy notes ,Kulfi,7
1182,Gourmandy notes ,Pudding,7
1183,Gourmandy notes ,Aspic,6
1184,Gourmandy notes ,Calisson,6
1185,Gourmandy notes ,Muffin,6
1186,Gourmandy notes ,Sorbet,6
1187,Gourmandy notes ,Almond paste,5
1188,Gourmandy notes ,Button mushroom,5
1189,Gourmandy notes ,Caper,5
1190,Gourmandy notes ,Balsamico vinegar,4
1191,Gourmandy notes ,Cheese,4
1192,Gourmandy notes ,Cornflakes,4
1193,Gourmandy notes ,Grilled meat,4
1194,Gourmandy notes ,Panettone,4
1195,Gourmandy notes ,Sweet potato,4
1196,Gourmandy notes ,Energy drink,3
1197,Gourmandy notes ,Gianduja cream,3
1198,Gourmandy notes ,Mocha cream,3
1199,Gourmandy notes ,Mochi,3
1200,Gourmandy notes ,Porridge,3
1201,Gourmandy notes ,Azuki-an,2
1202,Gourmandy notes ,Mozzarella,2
1203,Gourmandy notes ,Roasted meat,2
1204,Gourmandy notes ,Vinegar,2
1205,Gourmandy notes ,White sesame paste,2
1206,Gourmandy notes ,Yeast dough,2
1207,Gourmandy notes ,Baked pumpkin,1
1208,Gourmandy notes ,Baked yam,1
1209,Gourmandy notes ,Cereals,1
1210,Gourmandy notes ,Crêpe Suzette,1
1211,Gourmandy notes ,Eggs,1
1212,Gourmandy notes ,Kogashi-Shōyu,1
1213,Gourmandy notes ,Lokma,1
1214,Gourmandy notes ,Marmite™,1
1215,Gourmandy notes ,Miso-an,1
1216,Gourmandy notes ,Nori,1
1217,Gourmandy notes ,Onion soup,1
1218,Gourmandy notes ,Roast beef,1
1219,Gourmandy notes ,Wattleseed,1
1220,Gourmandy notes ,Zabaglione,1
1221,Grain ,Rice,99
1222,Grain ,Malt,43
1223,Grain ,Wheat,42
1224,Grain ,Grain,40
1225,Grain ,Oat,26
1226,Grain ,Barley,24
1227,Grain ,Amaranth,20
1228,Grain ,Sweet corn,11
1229,Grain ,Bran,10
1230,Grain ,Bran absolute,10
1231,Grain ,Linseed,9
1232,Grain ,Rye,8
1233,Grain ,Cornflakes,4
1234,Grain ,Porridge,3
1235,Grain ,Roasted cereal,2
1236,Grain ,Rye whisky,2
1237,Grain ,Buckwheat,1
1238,Grain ,Cereals,1
1239,Grain ,Draff,1
1240,Grain ,Grain starch,1
1241,Grain ,Job's tears,1
1242,Grain ,Rye seed,1
1243,Green notes ,Green notes,3386
1244,Green notes ,Violet leaf,2426
1245,Green notes ,Green tea,1252
1246,Green notes ,Fig,1223
1247,Green notes ,Green leaves,796
1248,Green notes ,Grass,788
1249,Green notes ,Herbs,748
1250,Green notes ,Cypriol,655
1251,Green notes ,Hay,577
1252,Green notes ,Bamboo,529
1253,Green notes ,Laurel,480
1254,Green notes ,Ivy,467
1255,Green notes ,Cucumber,459
1256,Green notes ,Papyrus,374
1257,Green notes ,Nagarmotha,354
1258,Green notes ,Fern,318
1259,Green notes ,Maté,300
1260,Green notes ,Leaf green,231
1261,Green notes ,Herbaceous notes,220
1262,Green notes ,Clover,208
1263,Green notes ,Fougère notes,160
1264,Green notes ,Forest accord,132
1265,Green notes ,Calamus,123
1266,Green notes ,Hemp,93
1267,Green notes ,Sweetgrass,93
1268,Green notes ,Hyssop,90
1269,Green notes ,Buchu,78
1270,Green notes ,Aloe vera,75
1271,Green notes ,Plant juice,65
1272,Green notes ,Cactus,57
1273,Green notes ,Sweet clover,40
1274,Green notes ,Sweet vernal grass,39
1275,Green notes ,Winter green,38
1276,Green notes ,Green stems,32
1277,Green notes ,Plants,29
1278,Green notes ,Branches,27
1279,Green notes ,Broad-leaved paperbark,23
1280,Green notes ,Reed,23
1281,Green notes ,Lovage,22
1282,Green notes ,Straw,21
1283,Green notes ,Sweetgrass,21
1284,Green notes ,Helional,20
1285,Green notes ,Smilax,18
1286,Green notes ,Mistletoe,17
1287,Green notes ,Guarana,16
1288,Green notes ,Mousse de Saxe,16
1289,Green notes ,Red clover,16
1290,Green notes ,Dry grass,15
1291,Green notes ,Dune grass,15
1292,Green notes ,Underwood,15
1293,Green notes ,Dihydromyrcenol,14
1294,Green notes ,Lettuce,14
1295,Green notes ,Mandragora,13
1296,Green notes ,Rain forest accord,13
1297,Green notes ,Aquatic plants,12
1298,Green notes ,Floralozone,12
1299,Green notes ,Pea,12
1300,Green notes ,Evergreens,11
1301,Green notes ,Neptune grass,11
1302,Green notes ,Solanum,11
1303,Green notes ,Dewfruit®,10
1304,Green notes ,Priprioca,10
1305,Green notes ,Vetiveryl acetate,10
1306,Green notes ,White clover,10
1307,Green notes ,Cyperus,9
1308,Green notes ,Gotu Kola,9
1309,Green notes ,Tumbleweed,9
1310,Green notes ,Buttercup,8
1311,Green notes ,Ragged lady,8
1312,Green notes ,Spinach,8
1313,Green notes ,Stemone®,8
1314,Green notes ,Elfwort,7
1315,Green notes ,Jamarosa,7
1316,Green notes ,Jewelweed,7
1317,Green notes ,Rush,7
1318,Green notes ,Stems,7
1319,Green notes ,Toscanol®,7
1320,Green notes ,Deertongue,6
1321,Green notes ,Maile,6
1322,Green notes ,Mediterranean undergrowth,6
1323,Green notes ,Pharaone®,6
1324,Green notes ,Coppice,5
1325,Green notes ,Kentucky bluegrass,5
1326,Green notes ,Naked lady,5
1327,Green notes ,Salad,5
1328,Green notes ,Smoke bush,5
1329,Green notes ,Alfalfa,4
1330,Green notes ,Cape may,4
1331,Green notes ,Chlorophyll,4
1332,Green notes ,Estragole,4
1333,Green notes ,Lilyflore®,4
1334,Green notes ,Shepherd's needle,4
1335,Green notes ,Snow flower,4
1336,Green notes ,Soapwort,4
1337,Green notes ,Yucca,4
1338,Green notes ,Betony,3
1339,Green notes ,Burdock,3
1340,Green notes ,Bushes,3
1341,Green notes ,Parsnip,3
1342,Green notes ,Poinsettia,3
1343,Green notes ,Prairie grass,3
1344,Green notes ,Purslane,3
1345,Green notes ,Rapeseed,3
1346,Green notes ,Roseroot,3
1347,Green notes ,Senecio,3
1348,Green notes ,Silk vine,3
1349,Green notes ,Waterleaf,3
1350,Green notes ,Weed,3
1351,Green notes ,Blue bonnet,2
1352,Green notes ,Centaury,2
1353,Green notes ,Common rue,2
1354,Green notes ,Enchanter's nightshade,2
1355,Green notes ,Evodia,2
1356,Green notes ,Featherfoil,2
1357,Green notes ,Florymoss®,2
1358,Green notes ,Gengri grass,2
1359,Green notes ,Givescone®,2
1360,Green notes ,Lady's mantle,2
1361,Green notes ,Mediterranean plants,2
1362,Green notes ,Musk thistle,2
1363,Green notes ,Pyralone,2
1364,Green notes ,Red nut sedge,2
1365,Green notes ,Sorrel,2
1366,Green notes ,Stinkwort,2
1367,Green notes ,Stoneseed,2
1368,Green notes ,Tiger Liana,2
1369,Green notes ,Tree sap,2
1370,Green notes ,Tropical plants,2
1371,Green notes ,Tulip stalk,2
1372,Green notes ,Vegetables,2
1373,Green notes ,Yellow bedstraw,2
1374,Green notes ,Acetyver,1
1375,Green notes ,Bedstraw,1
1376,Green notes ,Bitter dock,1
1377,Green notes ,Black cohosh,1
1378,Green notes ,Buffalo grass,1
1379,Green notes ,Bugleweed,1
1380,Green notes ,Cherry stem,1
1381,Green notes ,Cockle,1
1382,Green notes ,Common Saint John's wort,1
1383,Green notes ,Common saltwort,1
1384,Green notes ,Crambe,1
1385,Green notes ,Creeping vine,1
1386,Green notes ,Elephant grass,1
1387,Green notes ,Epazote,1
1388,Green notes ,Giant hogweed,1
1389,Green notes ,Green buds,1
1390,Green notes ,Green hop,1
1391,Green notes ,Green shoot,1
1392,Green notes ,Green twigs,1
1393,Green notes ,Indian wild grass,1
1394,Green notes ,Ladie's smock,1
1395,Green notes ,Liana,1
1396,Green notes ,Maceal,1
1397,Green notes ,Mandravasarotra,1
1398,Green notes ,Mangrove,1
1399,Green notes ,Marsh arrowgrass,1
1400,Green notes ,Marsh grass,1
1401,Green notes ,Mediterranean scrub,1
1402,Green notes ,Myroxyde®,1
1403,Green notes ,Peniocereus,1
1404,Green notes ,Pipol,1
1405,Green notes ,Pumpkin vine,1
1406,Green notes ,Quincester®,1
1407,Green notes ,Ragwort,1
1408,Green notes ,Rampion,1
1409,Green notes ,Sainfoin,1
1410,Green notes ,Salicornia,1
1411,Green notes ,Saltmeadow cordgrass,1
1412,Green notes ,Savannah gras,1
1413,Green notes ,Sea plants,1
1414,Green notes ,Shōbu,1
1415,Green notes ,Spinifex,1
1416,Green notes ,Trail grass,1
1417,Green notes ,Treacle-mustard,1
1418,Green notes ,Triplal,1
1419,Green notes ,Umbels,1
1420,Green notes ,Wild chervil,1
1421,Green notes ,Wild lettuce,1
1422,Herbaceous notes ,Lavender,9679
1423,Herbaceous notes ,Mint,3060
1424,Herbaceous notes ,Rosemary,2733
1425,Herbaceous notes ,Sage,2499
1426,Herbaceous notes ,Basil,2498
1427,Herbaceous notes ,Clary sage,1925
1428,Herbaceous notes ,Thyme,1180
1429,Herbaceous notes ,Peppermint,874
1430,Herbaceous notes ,Chamomile,843
1431,Herbaceous notes ,Artemisia,810
1432,Herbaceous notes ,Herbs,748
1433,Herbaceous notes ,Davana,705
1434,Herbaceous notes ,Tarragon,688
1435,Herbaceous notes ,Spearmint,541
1436,Herbaceous notes ,Angelica,495
1437,Herbaceous notes ,Provençal lavender,491
1438,Herbaceous notes ,Myrtle,419
1439,Herbaceous notes ,Mugwort,411
1440,Herbaceous notes ,Bay leaf,323
1441,Herbaceous notes ,Vermouth,224
1442,Herbaceous notes ,Herbaceous notes,220
1443,Herbaceous notes ,Marjoram,176
1444,Herbaceous notes ,Oregano,143
1445,Herbaceous notes ,Camphor,139
1446,Herbaceous notes ,Absinthe wormwood,129
1447,Herbaceous notes ,Hyssop,90
1448,Herbaceous notes ,Menthol,90
1449,Herbaceous notes ,Buchu,78
1450,Herbaceous notes ,Lemon balm,76
1451,Herbaceous notes ,Melissa,72
1452,Herbaceous notes ,Celery,68
1453,Herbaceous notes ,Shiso leaf,56
1454,Herbaceous notes ,Sweet gale,54
1455,Herbaceous notes ,Yarrow,52
1456,Herbaceous notes ,Bay laurel,44
1457,Herbaceous notes ,Dill,39
1458,Herbaceous notes ,Ginseng,38
1459,Herbaceous notes ,Gentian,37
1460,Herbaceous notes ,Parsley,30
1461,Herbaceous notes ,Nettle,29
1462,Herbaceous notes ,Ravansara,27
1463,Herbaceous notes ,Marijuana,23
1464,Herbaceous notes ,Thai basil,23
1465,Herbaceous notes ,Lovage,22
1466,Herbaceous notes ,Common sage,20
1467,Herbaceous notes ,Rock samphire,20
1468,Herbaceous notes ,Saint John's wort,20
1469,Herbaceous notes ,Pineappleweed,18
1470,Herbaceous notes ,Nana mint,17
1471,Herbaceous notes ,Borage,16
1472,Herbaceous notes ,White genepi,12
1473,Herbaceous notes ,Arnica,11
1474,Herbaceous notes ,Lesser calamint,11
1475,Herbaceous notes ,Savory,10
1476,Herbaceous notes ,Gotu Kola,9
1477,Herbaceous notes ,Greenland moss,9
1478,Herbaceous notes ,Lemon basil,9
1479,Herbaceous notes ,Orange bitters,9
1480,Herbaceous notes ,Ajowan,8
1481,Herbaceous notes ,Pennyroyal,8
1482,Herbaceous notes ,Damiana,7
1483,Herbaceous notes ,Jewelweed,7
1484,Herbaceous notes ,Toscanol®,7
1485,Herbaceous notes ,Costmary,6
1486,Herbaceous notes ,Shamamatul amber attar,6
1487,Herbaceous notes ,Croton catatii,5
1488,Herbaceous notes ,Khella,5
1489,Herbaceous notes ,Estragole,4
1490,Herbaceous notes ,Sclarene,4
1491,Herbaceous notes ,Chives,3
1492,Herbaceous notes ,Valerian root,3
1493,Herbaceous notes ,Amaro Siciliano,2
1494,Herbaceous notes ,Centaury,2
1495,Herbaceous notes ,Chervil,2
1496,Herbaceous notes ,Cicely,2
1497,Herbaceous notes ,Comfrey,2
1498,Herbaceous notes ,Common rue,2
1499,Herbaceous notes ,Cretan dittany,2
1500,Herbaceous notes ,Eyebright,2
1501,Herbaceous notes ,Givescone®,2
1502,Herbaceous notes ,Oysterplant,2
1503,Herbaceous notes ,Persian basil,2
1504,Herbaceous notes ,Common skullcap,1
1505,Herbaceous notes ,Coneflower root,1
1506,Herbaceous notes ,Cress,1
1507,Herbaceous notes ,Génépi,1
1508,Herbaceous notes ,Glechoma hederacea,1
1509,Herbaceous notes ,Gnaphalium polycephalum,1
1510,Herbaceous notes ,Horehound,1
1511,Herbaceous notes ,Indian peppermint,1
1512,Herbaceous notes ,Ironwort,1
1513,Herbaceous notes ,Italian peppermint,1
1514,Herbaceous notes ,Jägerbomb,1
1515,Herbaceous notes ,Lamiaceae,1
1516,Herbaceous notes ,Meum,1
1517,Herbaceous notes ,Myroxyde®,1
1518,Herbaceous notes ,Pino Acetaldehyde,1
1519,Herbaceous notes ,Shōbu,1
1520,Herbaceous notes ,St. Benedict's thistle,1
1521,Herbaceous notes ,Theriac,1
1522,Herbaceous notes ,Treacle-mustard,1
1523,Herbaceous notes ,Wild basil,1
1524,Mineral notes ,Sea salt,347
1525,Mineral notes ,Salt,245
1526,Mineral notes ,Sand,210
1527,Mineral notes ,Stone,178
1528,Mineral notes ,Salty notes,131
1529,Mineral notes ,Mineral notes,127
1530,Mineral notes ,Gun powder,92
1531,Mineral notes ,Ink,71
1532,Mineral notes ,Tar,61
1533,Mineral notes ,Flintstone,33
1534,Mineral notes ,Asphalt,32
1535,Mineral notes ,Concrete,22
1536,Mineral notes ,Coal,21
1537,Mineral notes ,Iodine,19
1538,Mineral notes ,Minerals,19
1539,Mineral notes ,Drawing ink,18
1540,Mineral notes ,Sulfur,18
1541,Mineral notes ,Sea minerals,11
1542,Mineral notes ,Limestone,10
1543,Mineral notes ,Cement,8
1544,Mineral notes ,Graphite,7
1545,Mineral notes ,Chalk,6
1546,Mineral notes ,Sandstone,6
1547,Mineral notes ,Pebble,5
1548,Mineral notes ,Clay,4
1549,Mineral notes ,Mineral salt,3
1550,Mineral notes ,Petrol,3
1551,Mineral notes ,Slate,3
1552,Mineral notes ,Mineral oil,2
1553,Mineral notes ,Modeling clay,2
1554,Mineral notes ,Stone powder,2
1555,Mineral notes ,Burning stone,1
1556,Mineral notes ,Electrum accord,1
1557,Mineral notes ,Kyanite,1
1558,Mineral notes ,Pyrite,1
1559,Mineral notes ,Sepiolite,1
1560,Mineral notes ,Slate powder,1
1561,Mineral notes ,Sulfide,1
1562,Mineral notes ,Vesuvianite,1
1563,Mossy notes ,Oakmoss,6241
1564,Mossy notes ,Moss,3445
1565,Mossy notes ,Tree moss,400
1566,Mossy notes ,Lichen,106
1567,Mossy notes ,Mossy notes,80
1568,Mossy notes ,Evernyl,29
1569,Mossy notes ,Iceland moss,7
1570,Mossy notes ,Pine moss,6
1571,Mossy notes ,Reindeer lichen,4
1572,Mossy notes ,Florymoss®,2
1573,Mossy notes ,Silvergreen bryum moss,2
1574,Musk ,Musk,35466
1575,Musk ,White musk,6871
1576,Musk ,Cashmeran,824
1577,Musk ,Musky notes,677
1578,Musk ,Black musk,296
1579,Musk ,Egyptian musk,178
1580,Musk ,Red musk,176
1581,Musk ,Crystal musk,163
1582,Musk ,Kashmiri musk,151
1583,Musk ,Deer musk,131
1584,Musk ,Sensual skin accord,107
1585,Musk ,Animalic musk,100
1586,Musk ,Tonkin musk,76
1587,Musk ,Grey musk,75
1588,Musk ,Ambrettolide,52
1589,Musk ,Pink musk,51
1590,Musk ,Blue musk,48
1591,Musk ,Muscenone®,41
1592,Musk ,Green musk,37
1593,Musk ,Siberian musk,35
1594,Musk ,African musk,34
1595,Musk ,Muscone,25
1596,Musk ,Tibetan musk,24
1597,Musk ,Sylkolide™,21
1598,Musk ,Helvetolide®,20
1599,Musk ,Chinese musk,17
1600,Musk ,Cosmone,17
1601,Musk ,Indian musc,17
1602,Musk ,Arabian musk,14
1603,Musk ,Brown musk,14
1604,Musk ,Himalayan musk,14
1605,Musk ,Serenolide,14
1606,Musk ,Galaxolid,13
1607,Musk ,Velvione®,9
1608,Musk ,Mongolian musk,8
1609,Musk ,Nirvanolide®,8
1610,Musk ,Moxalone®,7
1611,Musk ,Exaltolide®,6
1612,Musk ,Musk gazelle,6
1613,Musk ,Musk ketone,6
1614,Musk ,Globalide®,5
1615,Musk ,Silvanone®,5
1616,Musk ,French musk,4
1617,Musk ,Nubian musk,4
1618,Musk ,Androstenol,3
1619,Musk ,Asian musk,3
1620,Musk ,Tibetan deer musk,3
1621,Musk ,Tonalid™,3
1622,Musk ,Tunisian musk,3
1623,Musk ,Turkish musk,3
1624,Musk ,Dutch musk,2
1625,Musk ,Ebanol®,2
1626,Musk ,Indonesian musk,2
1627,Musk ,Japanese musk,2
1628,Musk ,Kenyan musk,2
1629,Musk ,Moroccan musk,2
1630,Musk ,Muscarome,2
1631,Musk ,Musk absolue,2
1632,Musk ,Nepalese musk,2
1633,Musk ,Persian musk,2
1634,Musk ,Vietnamese musk,2
1635,Musk ,African green musk,1
1636,Musk ,Black musk attar,1
1637,Musk ,CBMusk,1
1638,Musk ,Chevrone,1
1639,Musk ,Egyptian white musk,1
1640,Musk ,Haitian musk,1
1641,Musk ,Indian black musk,1
1642,Musk ,Indian white musk,1
1643,Musk ,Musk tree,1
1644,Musk ,Musk Z4,1
1645,Musk ,Musk-R1®,1
1646,Musk ,Nevenolide,1
1647,Musk ,Okoumal®,1
1648,Musk ,Omani musk,1
1649,Musk ,Veloutone®,1
1650,Not classified ,Fresh notes,746
1651,Not classified ,Aromatic notes,431
1652,Not classified ,Chypre accord,250
1653,Not classified ,Solar note,198
1654,Not classified ,Metallic notes,156
1655,Not classified ,Fire,60
1656,Not classified ,Lipstick,46
1657,Not classified ,Fuel,43
1658,Not classified ,Lubricating oil,42
1659,Not classified ,Tropical notes,32
1660,Not classified ,Rubber,29
1661,Not classified ,Pheromones,26
1662,Not classified ,Vinyl,25
1663,Not classified ,Exotic notes,24
1664,Not classified ,Soapy notes,21
1665,Not classified ,Hashish,17
1666,Not classified ,Bitter notes,16
1667,Not classified ,Dry notes,14
1668,Not classified ,Pearl,12
1669,Not classified ,Glass accord,10
1670,Not classified ,Crystal accord,9
1671,Not classified ,Glue,9
1672,Not classified ,Paint,9
1673,Not classified ,Latex,8
1674,Not classified ,Lipgloss,8
1675,Not classified ,Plastic,8
1676,Not classified ,Bank note,7
1677,Not classified ,Mildew,7
1678,Not classified ,Electro-statical accord,6
1679,Not classified ,Kerosene,5
1680,Not classified ,Mold,4
1681,Not classified ,Varnish,4
1682,Not classified ,Carbon,3
1683,Not classified ,Chlorinated water,3
1684,Not classified ,Exhaust,3
1685,Not classified ,Petrol,3
1686,Not classified ,Ammonia,2
1687,Not classified ,Chlorine,2
1688,Not classified ,Crayon,2
1689,Not classified ,Film strip,2
1690,Not classified ,Hairspray,2
1691,Not classified ,Light bulb,2
1692,Not classified ,Make-up,2
1693,Not classified ,Mineral oil,2
1694,Not classified ,Parcel tape,2
1695,Not classified ,Plastic,2
1696,Not classified ,Saltpeter,2
1697,Not classified ,Adhesive tape,1
1698,Not classified ,Adrenalin,1
1699,Not classified ,Artificial turf,1
1700,Not classified ,Aurora accord,1
1701,Not classified ,Celluloid,1
1702,Not classified ,Cyanide,1
1703,Not classified ,Dusty light bulb,1
1704,Not classified ,Foam rubber,1
1705,Not classified ,Formic acid,1
1706,Not classified ,Greek mumiyo,1
1707,Not classified ,Hydrogen,1
1708,Not classified ,Industrial glue,1
1709,Not classified ,Liquid oxygen,1
1710,Not classified ,Magma,1
1711,Not classified ,Meteorite,1
1712,Not classified ,Methadone,1
1713,Not classified ,Nacre,1
1714,Not classified ,Neoprene,1
1715,Not classified ,Oxides,1
1716,Not classified ,Quinine,1
1717,Not classified ,Quinone,1
1718,Not classified ,Saliva,1
1719,Not classified ,Shower curtain accord,1
1720,Not classified ,Sodium,1
1721,Not classified ,Sunset shine accord,1
1722,Not classified ,Toaster,1
1723,Not classified ,Toothpaste,1
1724,Not classified ,Urine,1
1725,Not classified ,Vomit,1
1726,Oriental notes ,Vanilla,26532
1727,Oriental notes ,Patchouli,23796
1728,Oriental notes ,Tonka bean,9260
1729,Oriental notes ,Frankincense,7758
1730,Oriental notes ,Oud,6795
1731,Oriental notes ,Benzoin,4450
1732,Oriental notes ,Myrrh,2691
1733,Oriental notes ,Oriental notes,429
1734,Oriental notes ,Oriental spices,67
1735,Oriental notes ,Clearwood™,60
1736,Oriental notes ,Vanillin,45
1737,Oriental notes ,Oriental woods,43
1738,Oriental notes ,Oriental rose,34
1739,Oriental notes ,Oriental blossoms,16
1740,Oriental notes ,Choya attar,10
1741,Oriental notes ,Oriental resins,10
1742,Oriental notes ,Oriental lily,9
1743,Oriental notes ,Oriental amber,4
1744,Oriental notes ,Oriental fruits,2
1745,Oriental notes ,Kadam attar,1
1746,Oriental notes ,Oriental herbs,1
1747,Oriental notes ,Oriental orchid,1
1748,Oriental notes ,Piperonal,1
1749,Powdery notes ,Iris,7810
1750,Powdery notes ,Orris root,1153
1751,Powdery notes ,Powdery notes,689
1752,Powdery notes ,Florentine iris,294
1753,Powdery notes ,Orris butter,278
1754,Powdery notes ,Powder,230
1755,Powdery notes ,Talcum,96
1756,Powdery notes ,Baby powder,40
1757,Powdery notes ,Iris powder,13
1758,Powdery notes ,Velvione®,9
1759,Powdery notes ,Nirvanolide®,8
1760,Powdery notes ,Chalk,6
1761,Powdery notes ,Iris aldehyde,5
1762,Powdery notes ,Water iris,4
1763,Powdery notes ,Make-up,2
1764,Powdery notes ,Iso mohanol,1
1765,Powdery notes ,Musk Z4,1
1766,Powdery notes ,Nevenolide,1
1767,Powdery notes ,Slate powder,1
1768,Resinous notes ,Benzoin,4450
1769,Resinous notes ,Labdanum,4092
1770,Resinous notes ,Myrrh,2691
1771,Resinous notes ,Galbanum,2212
1772,Resinous notes ,Elemi resin,1393
1773,Resinous notes ,Styrax,1026
1774,Resinous notes ,Opoponax,927
1775,Resinous notes ,Resins,744
1776,Resinous notes ,Peru balsam,714
1777,Resinous notes ,Tolu balm,625
1778,Resinous notes ,Amyris,571
1779,Resinous notes ,Beeswax,437
1780,Resinous notes ,Balsam,409
1781,Resinous notes ,Dragon's blood,349
1782,Resinous notes ,Gurjum balsam,287
1783,Resinous notes ,Mastic,233
1784,Resinous notes ,Nag Champa,202
1785,Resinous notes ,Copal resin,170
1786,Resinous notes ,Liquidambar,72
1787,Resinous notes ,Resinous notes,62
1788,Resinous notes ,Sweet gale,54
1789,Resinous notes ,Choya Loban,47
1790,Resinous notes ,Tree resin,31
1791,Resinous notes ,Wax,20
1792,Resinous notes ,Choya Ral,19
1793,Resinous notes ,Turpentine,12
1794,Resinous notes ,Hydrocarboresine,11
1795,Resinous notes ,Balm of Gilead,9
1796,Resinous notes ,Colophony,9
1797,Resinous notes ,Omumbiri,8
1798,Resinous notes ,Sandarac,8
1799,Resinous notes ,Natural rubber,6
1800,Resinous notes ,Croton catatii,5
1801,Resinous notes ,Ambreinol,2
1802,Resinous notes ,Jojoba,2
1803,Resinous notes ,Tonkiphora balsam,2
1804,Resinous notes ,Balsa tree,1
1805,Resinous notes ,Bruizinho,1
1806,Resinous notes ,Canary balm,1
1807,Resinous notes ,Fatwood,1
1808,Resinous notes ,Humus accord,1
1809,Resinous notes ,Natural rubber absolute,1
1810,Smoky notes ,Frankincense,7758
1811,Smoky notes ,Smoke,556
1812,Smoky notes ,Wood smoke,205
1813,Smoky notes ,Nag Champa,202
1814,Smoky notes ,Smoky notes,199
1815,Smoky notes ,Campfire,88
1816,Smoky notes ,Firewood,67
1817,Smoky notes ,Charred wood,58
1818,Smoky notes ,Embers,57
1819,Smoky notes ,Incense material,57
1820,Smoky notes ,Bakhoor,55
1821,Smoky notes ,Lapsang Souchong tea,53
1822,Smoky notes ,Choya Nakh,52
1823,Smoky notes ,Ash,48
1824,Smoky notes ,Choya Loban,47
1825,Smoky notes ,Smoked tea,38
1826,Smoky notes ,Smoked wood,29
1827,Smoky notes ,Chaparral,25
1828,Smoky notes ,Tobacco smoke,21
1829,Smoky notes ,Rock samphire,20
1830,Smoky notes ,Choya Ral,19
1831,Smoky notes ,Japanese incense,19
1832,Smoky notes ,Pipe tobacco smoke,18
1833,Smoky notes ,Grime,15
1834,Smoky notes ,Charred cedar,14
1835,Smoky notes ,Charred leaves,14
1836,Smoky notes ,Charred oak,14
1837,Smoky notes ,Smoked cedar,14
1838,Smoky notes ,Birch smoke,13
1839,Smoky notes ,Gun smoke,13
1840,Smoky notes ,Onycha,13
1841,Smoky notes ,Burnt rubber,12
1842,Smoky notes ,Creosote,10
1843,Smoky notes ,Breuzinho,9
1844,Smoky notes ,Chinese incense,8
1845,Smoky notes ,Smoked bacon,8
1846,Smoky notes ,Incense stick,6
1847,Smoky notes ,Roasted oak,6
1848,Smoky notes ,Smoked sandalwood,5
1849,Smoky notes ,Grilled meat,4
1850,Smoky notes ,Smoked birch wood,4
1851,Smoky notes ,Tibetian incense,4
1852,Smoky notes ,Burnt parchment,3
1853,Smoky notes ,Burnt soil,3
1854,Smoky notes ,Burnt malt,2
1855,Smoky notes ,Charred pine,2
1856,Smoky notes ,Cigarette smoke,2
1857,Smoky notes ,Smoked maple,2
1858,Smoky notes ,Tiger Liana,2
1859,Smoky notes ,Burning stone,1
1860,Smoky notes ,Burnt grass,1
1861,Smoky notes ,Burnt match,1
1862,Smoky notes ,Burnt oil,1
1863,Smoky notes ,Burnt plastic,1
1864,Smoky notes ,Burnt rose,1
1865,Smoky notes ,Burnt toast,1
1866,Smoky notes ,Charred fennel,1
1867,Smoky notes ,Charred sandalwood,1
1868,Smoky notes ,Cherry wood smoke,1
1869,Smoky notes ,Coal smoke,1
1870,Smoky notes ,Peat fire,1
1871,Smoky notes ,Smoked cherry wood,1
1872,Smoky notes ,Smoked ebony wood,1
1873,Smoky notes ,Smoked fir,1
1874,Smoky notes ,Smoked prickly cedar,1
1875,Spicy notes ,Cardamom,7161
1876,Spicy notes ,Pink pepper,6101
1877,Spicy notes ,Cinnamon,5488
1878,Spicy notes ,Nutmeg,4667
1879,Spicy notes ,Ginger,4595
1880,Spicy notes ,Saffron,4413
1881,Spicy notes ,Clove,4168
1882,Spicy notes ,Black pepper,3546
1883,Spicy notes ,Coriander,3233
1884,Spicy notes ,Spices,3040
1885,Spicy notes ,Pepper,2825
1886,Spicy notes ,Juniper,1402
1887,Spicy notes ,Spicy notes,1270
1888,Spicy notes ,Aniseed,1256
1889,Spicy notes ,Cumin,896
1890,Spicy notes ,Star anise,882
1891,Spicy notes ,Cashmeran,824
1892,Spicy notes ,Pimento,687
1893,Spicy notes ,White pepper,504
1894,Spicy notes ,Caraway,479
1895,Spicy notes ,Sichuan pepper,295
1896,Spicy notes ,Fennel,258
1897,Spicy notes ,Bay rum,227
1898,Spicy notes ,Ceylon cinnamon,203
1899,Spicy notes ,Chili,172
1900,Spicy notes ,Turmeric,171
1901,Spicy notes ,Gingerbread,133
1902,Spicy notes ,Green pepper,123
1903,Spicy notes ,Paprika,92
1904,Spicy notes ,Celery,68
1905,Spicy notes ,Fenugreek,61
1906,Spicy notes ,Galangal,58
1907,Spicy notes ,Shiso leaf,56
1908,Spicy notes ,Sweet gale,54
1909,Spicy notes ,Sesame,53
1910,Spicy notes ,Sagebrush,51
1911,Spicy notes ,Black caraway,48
1912,Spicy notes ,Peppery notes,37
1913,Spicy notes ,Hop,31
1914,Spicy notes ,Pepperwood™,30
1915,Spicy notes ,Chinese cassia,29
1916,Spicy notes ,Cayenne pepper,20
1917,Spicy notes ,Cubeb,19
1918,Spicy notes ,Wasabi,18
1919,Spicy notes ,Curry,17
1920,Spicy notes ,Guinea pepper,17
1921,Spicy notes ,Safraleine,17
1922,Spicy notes ,Mountain pepper,14
1923,Spicy notes ,Asafoetida,11
1924,Spicy notes ,Kava kava,10
1925,Spicy notes ,Long pepper,10
1926,Spicy notes ,Orange bitters,9
1927,Spicy notes ,Tansy,9
1928,Spicy notes ,Ajowan,8
1929,Spicy notes ,Kulfi,7
1930,Spicy notes ,Adesmia boronioides,6
1931,Spicy notes ,Shamamatul amber attar,6
1932,Spicy notes ,Alfalfa,4
1933,Spicy notes ,Bitter ginger,4
1934,Spicy notes ,Estragole,4
1935,Spicy notes ,Eugenol,4
1936,Spicy notes ,Radish,4
1937,Spicy notes ,Safranal,4
1938,Spicy notes ,Tabac Bourbon,4
1939,Spicy notes ,Anethol,3
1940,Spicy notes ,Chives,3
1941,Spicy notes ,Ocotea quixos,3
1942,Spicy notes ,Parsnip,3
1943,Spicy notes ,Safflower,3
1944,Spicy notes ,Chervil,2
1945,Spicy notes ,Cinnamon basil,2
1946,Spicy notes ,Garlic,2
1947,Spicy notes ,Gentian root,2
1948,Spicy notes ,Givescone®,2
1949,Spicy notes ,Horseradish,2
1950,Spicy notes ,Japanese radish,2
1951,Spicy notes ,Mustard,2
1952,Spicy notes ,Rocket,2
1953,Spicy notes ,Saigon cinnamon,2
1954,Spicy notes ,Spring onion,2
1955,Spicy notes ,Water pepper,2
1956,Spicy notes ,Canthoxal,1
1957,Spicy notes ,Indian zedoary,1
1958,Spicy notes ,Iso mohanol,1
1959,Spicy notes ,Isoeugenol,1
1960,Spicy notes ,Maceal,1
1961,Spicy notes ,Marmite™,1
1962,Spicy notes ,Onion soup,1
1963,Spicy notes ,Plum pudding,1
1964,Spicy notes ,Rotundone,1
1965,Spicy notes ,Spice cake,1
1966,Spicy notes ,Wild chervil,1
1967,Textile notes ,Cashmere,532
1968,Textile notes ,Cotton,185
1969,Textile notes ,Linen,84
1970,Textile notes ,Silk,52
1971,Textile notes ,Fresh laundry,50
1972,Textile notes ,Fabric,49
1973,Textile notes ,Wool,48
1974,Textile notes ,Velvet,28
1975,Textile notes ,Tulle accord,11
1976,Textile notes ,Cotton fabric,4
1977,Textile notes ,Satin,3
1978,Textile notes ,Synthetic fibers,2
1979,Tobacco ,Tobacco,3153
1980,Tobacco ,Tobacco absolute,263
1981,Tobacco ,Tobacco flower,207
1982,Tobacco ,Blond tobacco,141
1983,Tobacco ,Pipe tobacco,126
1984,Tobacco ,Cigar,32
1985,Tobacco ,Cuban tobacco,29
1986,Tobacco ,Virginia tobacco,24
1987,Tobacco ,White tobacco,24
1988,Tobacco ,Tobacco smoke,21
1989,Tobacco ,Pipe tobacco smoke,18
1990,Tobacco ,Clove tobacco,15
1991,Tobacco ,Vanilla tobacco,14
1992,Tobacco ,Cherry tobacco,13
1993,Tobacco ,Cigarette,13
1994,Tobacco ,Bulgarian tobacco,10
1995,Tobacco ,Honeyed tobacco,10
1996,Tobacco ,Turkish tobacco,10
1997,Tobacco ,Green tobacco,9
1998,Tobacco ,Black tobacco,8
1999,Tobacco ,Blond tobacco absolute,7
2000,Tobacco ,Shisha tobacco,7
2001,Tobacco ,Turkish tobacco absolute,6
2002,Tobacco ,Burley tobacco,5
2003,Tobacco ,Dark tobacco,5
2004,Tobacco ,Havana tobacco,5
2005,Tobacco ,Balkans tobacco absolute,4
2006,Tobacco ,Dominican tobacco,4
2007,Tobacco ,Kentucky tobacco,4
2008,Tobacco ,Perique tobacco,4
2009,Tobacco ,Tabac Bourbon,4
2010,Tobacco ,Virginia tobacco absolute,4
2011,Tobacco ,American tobacco,3
2012,Tobacco ,Balkans tobacco,2
2013,Tobacco ,Bulgarian tobacco absolute,2
2014,Tobacco ,Cavendish tobacco,2
2015,Tobacco ,French tobacco,2
2016,Tobacco ,Indian tobacco,2
2017,Tobacco ,Pyralone,2
2018,Tobacco ,Spanish tobacco,2
2019,Tobacco ,Tuscan tobacco,2
2020,Tobacco ,Yellow tobacco,2
2021,Tobacco ,American tobacco absolute,1
2022,Tobacco ,Ceylon tobacco,1
2023,Tobacco ,Dokha tobacco,1
2024,Tobacco ,English tobacco,1
2025,Tobacco ,Fruit tobacco,1
2026,Tobacco ,Honduras tobacco,1
2027,Tobacco ,Indian black tobacco,1
2028,Tobacco ,Indonesian tobacco,1
2029,Tobacco ,Latakia tobacco,1
2030,Tobacco ,Nicotiana tabacum,1
2031,Tobacco ,Nicotine,1
2032,Tobacco ,Okoumal®,1
2033,Tobacco ,Paraguayan tobacco,1
2034,Tobacco ,South African tobacco absolute,1
2035,Tobacco ,Tabanone,1
2036,Tobacco ,Tobacco attar,1
2037,Tobacco ,Wild tobacco,1
2038,Woody notes ,Vetiver,12843
2039,Woody notes ,Cedarwood,10950
2040,Woody notes ,Oud,6795
2041,Woody notes ,Woody notes,5686
2042,Woody notes ,Woods,2611
2043,Woody notes ,Rosewood,1805
2044,Woody notes ,Cypress,1633
2045,Woody notes ,Cashmere wood,1410
2046,Woody notes ,Virginia cedar,1240
2047,Woody notes ,Pine,914
2048,Woody notes ,Atlas cedar,888
2049,Woody notes ,Cashmeran,824
2050,Woody notes ,Precious woods,802
2051,Woody notes ,Birch,718
2052,Woody notes ,Fir,422
2053,Woody notes ,Papyrus,374
2054,Woody notes ,Mahogany,366
2055,Woody notes ,Texas cedar,256
2056,Woody notes ,Balsam fir,230
2057,Woody notes ,Spruce,168
2058,Woody notes ,Canary Islands juniper,149
2059,Woody notes ,Hinoki cypress,140
2060,Woody notes ,Forest accord,132
2061,Woody notes ,Teak,122
2062,Woody notes ,Black spruce,105
2063,Woody notes ,Chestnut,98
2064,Woody notes ,Lebanon cedar,97
2065,Woody notes ,Linden tree,95
2066,Woody notes ,Sequoia,85
2067,Woody notes ,Akigalawood®,82
2068,Woody notes ,Roots,77
2069,Woody notes ,Silver birch,74
2070,Woody notes ,Maple,73
2071,Woody notes ,Paper,70
2072,Woody notes ,Muhuhu,66
2073,Woody notes ,Tea tree,65
2074,Woody notes ,Silver fir,63
2075,Woody notes ,Clearwood™,60
2076,Woody notes ,Stone pine,56
2077,Woody notes ,Douglas fir,52
2078,Woody notes ,Choya Loban,47
2079,Woody notes ,Bark,41
2080,Woody notes ,Hemlock fir,39
2081,Woody notes ,Blue spruce,38
2082,Woody notes ,Vine,37
2083,Woody notes ,Lorenox™,36
2084,Woody notes ,Chinese toon,32
2085,Woody notes ,Palm tree,32
2086,Woody notes ,Pepperwood™,30
2087,Woody notes ,Sassafras,28
2088,Woody notes ,Cryptomeria,25
2089,Woody notes ,Parchment,24
2090,Woody notes ,Marijuana,23
2091,Woody notes ,Reed,23
2092,Woody notes ,Georgywood®,22
2093,Woody notes ,Javanol,22
2094,Woody notes ,Ash tree,21
2095,Woody notes ,Straw,21
2096,Woody notes ,Araucaria,19
2097,Woody notes ,Holly,19
2098,Woody notes ,Larch,18
2099,Woody notes ,Leatherwood,17
2100,Woody notes ,Safraleine,17
2101,Woody notes ,Massoia,16
2102,Woody notes ,Trees,16
2103,Woody notes ,Pacific red cedar,15
2104,Woody notes ,Sawdust,15
2105,Woody notes ,Underwood,15
2106,Woody notes ,Norlimbanol™,14
2107,Woody notes ,Cedramber,13
2108,Woody notes ,Poplar,13
2109,Woody notes ,White fir,13
2110,Woody notes ,Coconut palm,12
2111,Woody notes ,Mountain pine,12
2112,Woody notes ,White spruce,12
2113,Woody notes ,Mountain ash,11
2114,Woody notes ,Tulip tree,11
2115,Woody notes ,Okoumé,10
2116,Woody notes ,Vetiveryl acetate,10
2117,Woody notes ,Coast redwood,9
2118,Woody notes ,Fragonia™,9
2119,Woody notes ,Grand fir,9
2120,Woody notes ,Cigar-box cedar,7
2121,Woody notes ,Hercules' club,7
2122,Woody notes ,Rush,7
2123,Woody notes ,Adesmia boronioides,6
2124,Woody notes ,Aspen,6
2125,Woody notes ,Cocobolo wood,6
2126,Woody notes ,Mediterranean undergrowth,6
2127,Woody notes ,Noble fir,6
2128,Woody notes ,Pencil shaving,6
2129,Woody notes ,Yew,6
2130,Woody notes ,Coppice,5
2131,Woody notes ,Croton catatii,5
2132,Woody notes ,Dracaena,5
2133,Woody notes ,Silver spruce,5
2134,Woody notes ,Smoke bush,5
2135,Woody notes ,Timberol®,5
2136,Woody notes ,Wenge,5
2137,Woody notes ,European spruce,4
2138,Woody notes ,Irone,4
2139,Woody notes ,Majmua,4
2140,Woody notes ,Sclarene,4
2141,Woody notes ,Spanish cherry,4
2142,Woody notes ,Sycamore,4
2143,Woody notes ,Wood splint,4
2144,Woody notes ,Yucca,4
2145,Woody notes ,Aethoxylon,3
2146,Woody notes ,Alder,3
2147,Woody notes ,Balsam spruce,3
2148,Woody notes ,Bitter-wood,3
2149,Woody notes ,Jeffrey pine,3
2150,Woody notes ,Melted Woods NaturePrint®,3
2151,Woody notes ,Z11,3
2152,Woody notes ,Australian pine,2
2153,Woody notes ,Buriti,2
2154,Woody notes ,Cadam tree,2
2155,Woody notes ,Cardboard,2
2156,Woody notes ,Ebanol®,2
2157,Woody notes ,Givescone®,2
2158,Woody notes ,Pagoda tree,2
2159,Woody notes ,Pyralone,2
2160,Woody notes ,Sandanol,2
2161,Woody notes ,Wacapou ScentTrek™,2
2162,Woody notes ,Yohimbe,2
2163,Woody notes ,Acetyver,1
2164,Woody notes ,Australian coach wood,1
2165,Woody notes ,Balsa tree,1
2166,Woody notes ,Beach cedar,1
2167,Woody notes ,Bloodwood,1
2168,Woody notes ,Cedar,1
2169,Woody notes ,Iroko,1
2170,Woody notes ,Iso mohanol,1
2171,Woody notes ,Jute,1
2172,Woody notes ,Kadam attar,1
2173,Woody notes ,Katsura tree,1
2174,Woody notes ,Limbwood,1
2175,Woody notes ,Mangrove,1
2176,Woody notes ,Mulch,1
2177,Woody notes ,Okoumal®,1
2178,Woody notes ,Osyrol,1
2179,Woody notes ,Pashminol®,1
2180,Woody notes ,Pino Acetaldehyde,1
2181,Woody notes ,Polywood®,1
2182,Woody notes ,Rose tree,1
2183,Woody notes ,Sand wood,1
2184,Woody notes ,Sipo tree,1
2185,Woody notes ,Soapberry,1
2186,Woody notes ,Staghorn sumac,1
2187,Woody notes ,Verdox™,1
2188,Woody notes ,Virginia snake root,1
